id,tier,primary,p_primary,secondary,self_contained,needs_figure
lc6,fallback,leetcode.arrays-strings,0.89,,0.84,0.14
lc7,core,leetcode.math,0.86,,0.92,0.02
lc8,fallback,leetcode.arrays-strings,0.93,,0.92,0.1
lc9,core,leetcode.math,0.86,,0.93,0.03
lc10,core,leetcode.dp-strings,0.95,leetcode.recursion,0.93,0.03
lc12,fallback,leetcode.greedy,0.93,,0.92,0.04
lc13,core,leetcode.arrays-strings,0.78,,0.94,0.04
lc14,core,leetcode.arrays-strings,0.91,,0.93,0.02
lc16,fallback,leetcode.two-pointers,0.98,,0.91,0.03
lc18,core,leetcode.two-pointers,0.95,,0.93,0.03
lc24,fallback,leetcode.recursion,0.94,leetcode.linked-lists,0.79,0.13
lc26,core,leetcode.two-pointers,0.9,,0.94,0.03
lc27,core,leetcode.two-pointers,0.68,leetcode.arrays-strings,0.91,0.03
lc28,core,leetcode.arrays-strings,0.84,,0.95,0.02
lc29,core,leetcode.bit-manipulation,0.21,,0.93,0.03
lc30,fallback,leetcode.sliding-window,0.95,leetcode.hash-maps,0.91,0.03
lc32,fallback,leetcode.dp-1d,0.92,,0.8,0.03
lc36,core,leetcode.hash-maps,0.57,,0.93,0.07
lc37,core,leetcode.backtracking,0.98,leetcode.recursion,0.89,0.14
lc38,core,leetcode.arrays-strings,0.86,,0.94,0.03
lc40,core,leetcode.backtracking,0.98,leetcode.recursion;leetcode.subsets,0.9,0.03
lc43,core,leetcode.arrays-strings,0.78,,0.93,0.03
lc44,core,leetcode.dp-strings,0.94,leetcode.recursion,0.94,0.03
lc47,core,leetcode.backtracking,0.98,leetcode.subsets;leetcode.recursion,0.89,0.03
lc50,core,leetcode.math,0.27,,0.91,0.03
lc52,core,leetcode.backtracking,0.99,leetcode.recursion,0.54,0.38
lc57,core,leetcode.merge-intervals,0.95,leetcode.greedy,0.94,0.04
lc58,fallback,leetcode.arrays-strings,0.96,leetcode.two-pointers,0.96,0.02
lc59,fallback,leetcode.arrays-strings,0.86,,0.75,0.16
lc60,fallback,leetcode.math,0.62,,0.92,0.04
lc61,core,leetcode.linked-lists,0.79,,0.74,0.09
lc63,core,leetcode.dp-grid,0.9,leetcode.recursion,0.93,0.11
lc65,fallback,leetcode.arrays-strings,0.94,,0.94,0.03
lc66,core,leetcode.arrays-strings,0.87,,0.94,0.03
lc67,core,leetcode.math,0.4,,0.9,0.03
lc68,fallback,leetcode.arrays-strings,0.9,,0.93,0.04
lc69,core,leetcode.binary-search,0.95,,0.92,0.03
lc71,core,leetcode.stack,0.97,,0.96,0.03
lc77,core,leetcode.backtracking,0.98,leetcode.subsets;leetcode.recursion,0.94,0.03
lc80,fallback,leetcode.two-pointers,0.88,leetcode.arrays-strings,0.94,0.03
lc81,core,leetcode.binary-search,0.97,,0.91,0.05
lc82,fallback,leetcode.linked-lists,0.96,,0.8,0.05
lc83,fallback,leetcode.linked-lists,0.98,,0.8,0.07
lc85,core,leetcode.monotonic-stack,0.91,leetcode.stack,0.9,0.38
lc86,fallback,leetcode.linked-lists,0.96,,0.85,0.05
lc87,fallback,leetcode.recursion,0.79,leetcode.dp-intervals,0.93,0.06
lc88,core,leetcode.two-pointers,0.96,,0.92,0.05
lc89,fallback,leetcode.bit-manipulation,0.94,,0.85,0.04
lc90,core,leetcode.subsets,0.97,leetcode.backtracking;leetcode.recursion,0.9,0.03
lc91,core,leetcode.dp-1d,0.98,,0.94,0.03
lc92,core,leetcode.in-place-reversal,0.97,leetcode.linked-lists,0.73,0.07
lc93,fallback,leetcode.backtracking,0.98,leetcode.recursion;leetcode.tree-dfs,0.94,0.03
lc96,fallback,leetcode.dp-1d,0.81,,0.79,0.13
lc97,core,leetcode.dp-strings,0.89,leetcode.dp-grid,0.91,0.07
lc99,core,leetcode.bst,0.86,leetcode.tree-dfs,0.63,0.13
lc100,core,leetcode.recursion,0.93,leetcode.binary-trees;leetcode.tree-dfs,0.81,0.12
lc103,core,leetcode.tree-bfs,0.98,,0.78,0.1
lc106,core,leetcode.binary-trees,0.9,leetcode.recursion,0.65,0.12
lc107,fallback,leetcode.tree-bfs,0.98,,0.75,0.11
lc108,fallback,leetcode.recursion,0.85,,0.45,0.13
lc109,fallback,leetcode.recursion,0.78,,0.52,0.41
lc110,core,leetcode.tree-dfs,0.92,leetcode.recursion;leetcode.binary-trees,0.3,0.17
lc111,fallback,leetcode.recursion,0.91,leetcode.tree-dfs;leetcode.binary-trees,0.74,0.12
lc112,fallback,leetcode.tree-dfs,0.98,leetcode.recursion,0.84,0.31
lc113,fallback,leetcode.tree-dfs,0.97,leetcode.backtracking;leetcode.recursion,0.83,0.09
lc115,core,leetcode.dp-strings,0.98,leetcode.dp-grid,0.78,0.18
lc119,fallback,leetcode.dp-1d,0.61,,0.83,0.47
lc120,core,leetcode.dp-grid,0.92,,0.94,0.08
lc122,core,leetcode.greedy,0.91,,0.94,0.03
lc123,core,leetcode.dp-1d,0.47,,0.92,0.03
lc125,core,leetcode.two-pointers,0.97,,0.95,0.02
lc127,core,leetcode.graphs,0.93,,0.93,0.03
lc129,fallback,leetcode.tree-dfs,0.98,leetcode.recursion;leetcode.binary-trees,0.83,0.07
lc130,core,leetcode.islands,0.97,leetcode.graphs,0.89,0.37
lc132,core,leetcode.dp-1d,0.69,,0.9,0.03
lc134,core,leetcode.greedy,0.92,,0.92,0.05
lc135,core,leetcode.greedy,0.73,,0.94,0.04
lc137,fallback,leetcode.bit-manipulation,0.83,,0.91,0.02
lc140,core,leetcode.recursion,0.86,leetcode.backtracking,0.88,0.03
lc143,core,leetcode.linked-lists,0.88,leetcode.fast-slow-pointers,0.8,0.09
lc144,core,leetcode.binary-trees,0.98,leetcode.recursion;leetcode.tree-dfs,0.54,0.31
lc145,core,leetcode.binary-trees,0.98,leetcode.recursion;leetcode.tree-dfs,0.55,0.32
lc147,fallback,leetcode.linked-lists,0.92,,0.67,0.33
lc149,fallback,leetcode.arrays-strings,0.33,,0.84,0.07
lc150,core,leetcode.stack,0.98,,0.87,0.03
lc151,core,leetcode.arrays-strings,0.37,,0.95,0.02
lc154,fallback,leetcode.binary-search,0.97,,0.91,0.04
lc156,fallback,leetcode.recursion,0.94,leetcode.tree-dfs,0.77,0.21
lc159,fallback,leetcode.sliding-window,0.99,leetcode.two-pointers,0.94,0.03
lc161,fallback,leetcode.arrays-strings,0.77,,0.94,0.03
lc162,core,leetcode.binary-search,0.84,,0.94,0.04
lc163,fallback,leetcode.arrays-strings,0.88,,0.93,0.04
lc164,fallback,leetcode.greedy,0.09,,0.91,0.03
lc165,fallback,leetcode.arrays-strings,0.86,leetcode.two-pointers,0.95,0.03
lc166,fallback,leetcode.hash-maps,0.88,,0.85,0.03
lc167,core,leetcode.binary-search,0.54,,0.94,0.03
lc168,core,leetcode.math,0.8,,0.92,0.05
lc171,fallback,leetcode.math,0.64,,0.94,0.05
lc172,fallback,leetcode.math,0.97,,0.85,0.03
lc174,fallback,leetcode.dp-grid,0.96,,0.93,0.08
lc179,fallback,leetcode.greedy,0.82,,0.87,0.03
lc186,fallback,leetcode.two-pointers,0.7,,0.91,0.03
lc187,fallback,leetcode.hash-maps,0.94,,0.93,0.03
lc188,core,leetcode.recursion,0.6,,0.91,0.03
lc190,core,leetcode.bit-manipulation,0.35,,0.88,0.05
lc191,core,leetcode.bit-manipulation,0.79,,0.89,0.03
lc201,core,leetcode.bit-manipulation,0.16,,0.85,0.03
lc202,core,leetcode.hash-maps,0.74,,0.95,0.03
lc203,fallback,leetcode.linked-lists,0.98,,0.8,0.07
lc204,core,leetcode.math,0.96,,0.8,0.02
lc205,core,leetcode.hash-maps,0.85,,0.95,0.03
lc209,core,leetcode.prefix-sums,0.77,,0.92,0.03
lc210,core,leetcode.topological-sort,0.99,,0.92,0.04
lc212,core,leetcode.trie,0.95,leetcode.backtracking,0.9,0.06
lc213,core,leetcode.dp-1d,0.97,,0.93,0.06
lc214,core,leetcode.math,0.15,,0.9,0.03
lc216,core,leetcode.backtracking,0.98,leetcode.recursion;leetcode.subsets;leetcode.tree-dfs,0.93,0.03
lc217,core,leetcode.two-pointers,0.4,,0.94,0.02
lc218,fallback,leetcode.top-k-elements,0.31,,0.89,0.34
lc219,core,leetcode.hash-maps,0.9,,0.95,0.03
lc220,fallback,leetcode.hash-maps,0.5,,0.94,0.03
lc221,fallback,leetcode.dp-grid,0.98,,0.92,0.06
lc222,core,leetcode.recursion,0.89,leetcode.binary-trees;leetcode.tree-dfs,0.72,0.13
lc223,fallback,leetcode.math,0.34,,0.9,0.12
lc224,fallback,leetcode.stack,0.92,,0.91,0.03
lc227,fallback,leetcode.stack,0.92,,0.89,0.03
lc228,fallback,leetcode.arrays-strings,0.93,leetcode.two-pointers,0.95,0.03
lc229,core,leetcode.arrays-strings,0.23,,0.89,0.02
lc231,fallback,leetcode.bit-manipulation,0.56,,0.93,0.03
lc233,fallback,leetcode.recursion,0.65,,0.93,0.03
lc241,fallback,leetcode.recursion,0.92,leetcode.dp-intervals,0.91,0.03
lc242,core,leetcode.hash-maps,0.98,,0.88,0.02
lc243,fallback,leetcode.arrays-strings,0.94,,0.92,0.03
lc245,fallback,leetcode.arrays-strings,0.93,,0.91,0.03
lc246,fallback,leetcode.two-pointers,0.89,leetcode.arrays-strings,0.47,0.18
lc247,fallback,leetcode.recursion,0.96,,0.51,0.18
lc248,fallback,leetcode.recursion,0.94,,0.68,0.18
lc249,fallback,leetcode.hash-maps,0.83,,0.93,0.04
lc250,fallback,leetcode.tree-dfs,0.93,leetcode.recursion;leetcode.binary-trees,0.8,0.12
lc252,core,leetcode.greedy,0.67,leetcode.merge-intervals,0.9,0.04
lc253,core,leetcode.prefix-sums,0.86,,0.89,0.04
lc254,fallback,leetcode.backtracking,0.97,leetcode.recursion,0.82,0.03
lc255,fallback,leetcode.stack,0.88,leetcode.bst;leetcode.monotonic-stack,0.69,0.08
lc256,fallback,leetcode.dp-1d,0.86,,0.94,0.04
lc257,fallback,leetcode.tree-dfs,0.95,leetcode.recursion;leetcode.backtracking,0.81,0.09
lc258,fallback,leetcode.math,0.97,,0.94,0.03
lc259,fallback,leetcode.two-pointers,0.97,,0.94,0.03
lc260,fallback,leetcode.bit-manipulation,0.98,,0.92,0.03
lc261,core,leetcode.union-find,0.97,,0.86,0.1
lc263,fallback,leetcode.math,0.92,,0.93,0.03
lc264,fallback,leetcode.top-k-elements,0.79,,0.93,0.03
lc265,fallback,leetcode.dp-1d,0.67,,0.91,0.04
lc266,fallback,leetcode.hash-maps,0.92,,0.79,0.03
lc267,fallback,leetcode.backtracking,0.96,leetcode.recursion;leetcode.subsets,0.89,0.03
lc268,core,leetcode.bit-manipulation,0.96,,0.92,0.02
lc269,core,leetcode.topological-sort,0.98,,0.87,0.04
lc270,fallback,leetcode.bst,0.93,,0.71,0.08
lc272,fallback,leetcode.bst,0.69,,0.73,0.08
lc273,fallback,leetcode.recursion,0.52,,0.71,0.03
lc274,fallback,leetcode.greedy,0.54,,0.93,0.03
lc275,fallback,leetcode.binary-search,0.95,,0.9,0.03
lc276,fallback,leetcode.dp-1d,0.92,,0.93,0.19
lc278,fallback,leetcode.binary-search,0.97,,0.77,0.03
lc280,fallback,leetcode.arrays-strings,0.74,leetcode.greedy,0.9,0.03
lc282,fallback,leetcode.backtracking,0.95,leetcode.recursion;leetcode.tree-dfs,0.86,0.03
lc286,core,leetcode.graphs,0.77,leetcode.islands,0.89,0.06
lc289,fallback,leetcode.arrays-strings,0.88,,0.92,0.1
lc290,fallback,leetcode.hash-maps,0.87,,0.94,0.03
lc291,fallback,leetcode.backtracking,0.96,leetcode.recursion,0.94,0.03
lc292,fallback,leetcode.math,0.78,,0.92,0.03
lc293,fallback,leetcode.arrays-strings,0.94,,0.93,0.04
lc296,fallback,leetcode.greedy,0.54,,0.9,0.07
lc298,fallback,leetcode.tree-dfs,0.95,leetcode.recursion,0.8,0.14
lc299,fallback,leetcode.hash-maps,0.96,,0.94,0.14
lc302,fallback,leetcode.binary-search,0.91,,0.9,0.14
lc305,core,leetcode.union-find,0.98,,0.91,0.11
lc306,fallback,leetcode.backtracking,0.92,leetcode.recursion;leetcode.tree-dfs,0.9,0.03
lc309,core,leetcode.recursion,0.53,,0.93,0.03
lc310,core,leetcode.topological-sort,0.54,,0.91,0.33
lc311,fallback,leetcode.arrays-strings,0.6,,0.86,0.05
lc312,core,leetcode.dp-intervals,0.98,,0.93,0.05
lc313,fallback,leetcode.top-k-elements,0.82,,0.89,0.03
lc314,fallback,leetcode.tree-dfs,0.69,,0.75,0.2
lc315,fallback,leetcode.ordered-set,0.27,,0.9,0.03
lc316,fallback,leetcode.monotonic-stack,0.8,leetcode.stack;leetcode.greedy,0.93,0.03
lc317,fallback,leetcode.graphs,0.74,,0.81,0.13
lc318,fallback,leetcode.bit-manipulation,0.6,,0.94,0.02
lc319,fallback,leetcode.math,0.96,,0.92,0.04
lc320,fallback,leetcode.recursion,0.92,leetcode.backtracking;leetcode.subsets,0.91,0.05
lc321,fallback,leetcode.greedy,0.62,,0.91,0.04
lc323,core,leetcode.graphs,0.98,,0.81,0.07
lc324,fallback,leetcode.two-pointers,0.51,,0.86,0.03
lc325,fallback,leetcode.prefix-sums,0.98,leetcode.hash-maps,0.92,0.03
lc326,fallback,leetcode.math,0.65,,0.95,0.03
lc327,fallback,leetcode.ordered-set,0.54,,0.91,0.03
lc328,core,leetcode.linked-lists,0.95,,0.84,0.06
lc329,core,leetcode.recursion,0.58,,0.92,0.06
lc330,fallback,leetcode.greedy,0.95,,0.91,0.03
lc331,fallback,leetcode.stack,0.91,,0.86,0.61
lc332,core,leetcode.recursion,0.55,,0.91,0.05
lc333,fallback,leetcode.tree-dfs,0.9,leetcode.recursion;leetcode.bst,0.76,0.4
lc334,fallback,leetcode.greedy,0.61,,0.94,0.03
lc335,fallback,leetcode.arrays-strings,0.61,,0.86,0.19
lc336,fallback,leetcode.hash-maps,0.82,,0.92,0.03
lc337,core,leetcode.tree-dfs,0.7,,0.69,0.15
lc338,core,leetcode.bit-manipulation,0.71,,0.91,0.03
lc340,core,leetcode.sliding-window,0.97,leetcode.two-pointers,0.93,0.03
lc342,fallback,leetcode.bit-manipulation,0.63,,0.92,0.03
lc343,core,leetcode.dp-1d,0.93,,0.94,0.03
lc344,core,leetcode.two-pointers,0.97,,0.94,0.02
lc345,fallback,leetcode.two-pointers,0.98,,0.95,0.02
lc349,fallback,leetcode.hash-maps,0.9,,0.94,0.02
lc350,fallback,leetcode.hash-maps,0.97,,0.93,0.03
lc351,fallback,leetcode.backtracking,0.97,leetcode.recursion;leetcode.graphs,0.64,0.39
lc354,fallback,leetcode.dp-lis,0.97,,0.92,0.06
lc356,fallback,leetcode.hash-maps,0.88,,0.88,0.09
lc357,fallback,leetcode.recursion,0.71,,0.9,0.03
lc358,fallback,leetcode.top-k-elements,0.78,leetcode.greedy,0.9,0.03
lc360,fallback,leetcode.two-pointers,0.95,,0.92,0.03
lc361,fallback,leetcode.prefix-sums,0.76,leetcode.arrays-strings,0.93,0.1
lc363,fallback,leetcode.ordered-set,0.8,leetcode.prefix-sums,0.88,0.3
lc365,fallback,leetcode.math,0.97,,0.9,0.05
lc366,fallback,leetcode.recursion,0.88,leetcode.tree-dfs;leetcode.binary-trees,0.75,0.14
lc367,fallback,leetcode.binary-search,0.83,,0.93,0.02
lc368,core,leetcode.dp-1d,0.82,leetcode.dp-lis,0.92,0.03
lc369,fallback,leetcode.linked-lists,0.72,,0.8,0.04
lc370,fallback,leetcode.prefix-sums,0.76,,0.91,0.04
lc371,core,leetcode.bit-manipulation,0.93,,0.9,0.03
lc373,fallback,leetcode.top-k-elements,0.93,leetcode.k-way-merge,0.91,0.03
lc375,fallback,leetcode.dp-intervals,0.95,,0.92,0.03
lc376,fallback,leetcode.dp-1d,0.82,,0.93,0.03
lc377,core,leetcode.dp-1d,0.97,,0.93,0.02
lc378,fallback,leetcode.binary-search,0.95,,0.91,0.03
lc383,fallback,leetcode.hash-maps,0.98,,0.95,0.03
lc386,fallback,leetcode.tree-dfs,0.58,,0.81,0.03
lc387,fallback,leetcode.hash-maps,0.97,,0.96,0.02
lc388,fallback,leetcode.stack,0.93,,0.88,0.22
lc389,fallback,leetcode.hash-maps,0.96,,0.94,0.02
lc390,fallback,leetcode.math,0.57,,0.93,0.04
lc391,fallback,leetcode.hash-maps,0.77,,0.86,0.24
lc392,fallback,leetcode.two-pointers,0.89,leetcode.arrays-strings,0.95,0.03
lc393,fallback,leetcode.arrays-strings,0.61,,0.93,0.06
lc395,fallback,leetcode.recursion,0.82,,0.94,0.03
lc396,fallback,leetcode.math,0.48,,0.94,0.05
lc397,fallback,leetcode.greedy,0.68,,0.94,0.03
lc399,core,leetcode.union-find,0.95,,0.9,0.03
lc400,fallback,leetcode.math,0.89,,0.91,0.04
lc401,fallback,leetcode.bit-manipulation,0.55,,0.89,0.52
lc402,core,leetcode.monotonic-stack,0.95,leetcode.greedy;leetcode.stack,0.9,0.03
lc403,fallback,leetcode.recursion,0.68,,0.93,0.05
lc404,fallback,leetcode.recursion,0.91,leetcode.tree-dfs;leetcode.binary-trees,0.87,0.11
lc405,fallback,leetcode.bit-manipulation,0.37,,0.77,0.04
lc406,fallback,leetcode.greedy,0.86,,0.93,0.05
lc407,fallback,leetcode.graphs,0.34,,0.56,0.34
lc408,fallback,leetcode.arrays-strings,0.86,leetcode.two-pointers,0.94,0.04
lc409,fallback,leetcode.hash-maps,0.92,leetcode.greedy,0.92,0.03
lc410,core,leetcode.binary-search,0.96,,0.93,0.03
lc411,fallback,leetcode.bit-manipulation,0.78,,0.91,0.03
lc412,fallback,leetcode.arrays-strings,0.8,,0.96,0.02
lc413,fallback,leetcode.dp-1d,0.64,,0.91,0.03
lc414,fallback,leetcode.arrays-strings,0.66,,0.93,0.02
lc415,fallback,leetcode.arrays-strings,0.91,,0.93,0.03
lc417,core,leetcode.graphs,0.87,leetcode.islands,0.91,0.17
lc418,fallback,leetcode.arrays-strings,0.83,,0.91,0.06
lc419,fallback,leetcode.arrays-strings,0.86,,0.93,0.1
lc420,fallback,leetcode.greedy,0.85,,0.93,0.03
lc421,core,leetcode.trie,0.92,,0.92,0.03
lc422,fallback,leetcode.arrays-strings,0.91,,0.9,0.09
lc423,fallback,leetcode.hash-maps,0.91,,0.79,0.03
lc424,core,leetcode.sliding-window,0.97,leetcode.two-pointers,0.92,0.03
lc425,fallback,leetcode.backtracking,0.93,leetcode.trie;leetcode.recursion,0.86,0.08
lc433,fallback,leetcode.graphs,0.95,,0.94,0.03
lc434,fallback,leetcode.arrays-strings,0.32,,0.95,0.02
lc435,core,leetcode.greedy,0.97,,0.93,0.05
lc436,fallback,leetcode.binary-search,0.53,,0.94,0.04
lc437,fallback,leetcode.hash-maps,0.95,leetcode.prefix-sums;leetcode.tree-dfs;leetcode.recursion,0.8,0.36
lc438,fallback,leetcode.sliding-window,0.96,leetcode.hash-maps,0.81,0.03
lc439,fallback,leetcode.stack,0.93,,0.91,0.03
lc440,fallback,leetcode.trie,0.43,,0.88,0.03
lc441,fallback,leetcode.math,0.9,,0.93,0.11
lc442,fallback,leetcode.cyclic-sort,0.97,,0.93,0.03
lc443,fallback,leetcode.two-pointers,0.92,leetcode.arrays-strings,0.94,0.03
lc444,fallback,leetcode.topological-sort,0.96,,0.89,0.04
lc445,fallback,leetcode.stack,0.75,,0.78,0.06
lc446,fallback,leetcode.hash-maps,0.54,,0.91,0.03
lc447,fallback,leetcode.hash-maps,0.97,,0.84,0.07
lc448,fallback,leetcode.hash-maps,0.94,,0.94,0.02
lc450,core,leetcode.bst,0.98,leetcode.recursion,0.7,0.26
lc451,core,leetcode.hash-maps,0.74,,0.94,0.02
lc452,fallback,leetcode.greedy,0.98,,0.95,0.1
lc453,fallback,leetcode.math,0.81,,0.94,0.03
lc454,fallback,leetcode.hash-maps,0.98,,0.93,0.03
lc455,core,leetcode.greedy,0.97,leetcode.two-pointers,0.93,0.03
lc456,fallback,leetcode.monotonic-stack,0.84,leetcode.stack,0.94,0.04
lc457,fallback,leetcode.fast-slow-pointers,0.96,,0.92,0.26
lc458,fallback,leetcode.math,0.52,,0.92,0.05
lc459,fallback,leetcode.arrays-strings,0.17,,0.92,0.03
lc461,fallback,leetcode.bit-manipulation,0.98,,0.91,0.06
lc462,fallback,leetcode.greedy,0.65,,0.93,0.03
lc463,core,leetcode.arrays-strings,0.88,,0.91,0.29
lc464,fallback,leetcode.recursion,0.59,,0.92,0.04
lc465,fallback,leetcode.bit-manipulation,0.63,,0.84,0.04
lc466,fallback,leetcode.arrays-strings,0.75,,0.91,0.17
lc467,fallback,leetcode.dp-1d,0.58,,0.89,0.05
lc468,fallback,leetcode.arrays-strings,0.68,,0.95,0.03
lc469,fallback,leetcode.arrays-strings,0.32,,0.58,0.2
lc471,fallback,leetcode.dp-intervals,0.91,,0.88,0.03
lc472,fallback,leetcode.trie,0.93,leetcode.recursion,0.9,0.03
lc473,core,leetcode.backtracking,0.97,leetcode.recursion,0.92,0.06
lc474,fallback,leetcode.knapsack-dp,0.94,,0.93,0.03
lc475,fallback,leetcode.binary-search,0.93,,0.91,0.06
lc476,fallback,leetcode.bit-manipulation,0.97,,0.93,0.03
lc477,fallback,leetcode.bit-manipulation,0.62,,0.92,0.04
lc479,fallback,leetcode.math,0.57,,0.81,0.03
lc480,fallback,leetcode.two-heaps,0.97,,0.85,0.04
lc481,fallback,leetcode.arrays-strings,0.83,,0.89,0.05
lc482,fallback,leetcode.arrays-strings,0.93,,0.94,0.03
lc483,fallback,leetcode.binary-search,0.86,,0.89,0.04
lc484,fallback,leetcode.arrays-strings,0.68,,0.92,0.03
lc485,core,leetcode.arrays-strings,0.96,,0.94,0.03
lc486,fallback,leetcode.recursion,0.68,,0.94,0.03
lc487,fallback,leetcode.sliding-window,0.9,leetcode.two-pointers,0.9,0.03
lc488,fallback,leetcode.graphs,0.66,,0.92,0.06
lc490,fallback,leetcode.graphs,0.92,,0.91,0.18
lc491,fallback,leetcode.backtracking,0.97,leetcode.subsets;leetcode.recursion,0.9,0.03
lc492,fallback,leetcode.math,0.8,,0.94,0.04
lc493,core,leetcode.sorting-algorithms,0.94,,0.94,0.03
lc494,core,leetcode.knapsack-dp,0.94,,0.92,0.03
lc495,fallback,leetcode.arrays-strings,0.81,,0.95,0.04
lc496,core,leetcode.monotonic-stack,0.98,leetcode.stack,0.95,0.05
lc498,fallback,leetcode.arrays-strings,0.88,,0.76,0.23
lc499,fallback,leetcode.graphs,0.64,,0.85,0.17
lc500,fallback,leetcode.hash-maps,0.64,,0.88,0.15
lc501,fallback,leetcode.tree-dfs,0.71,leetcode.bst,0.78,0.09
lc502,core,leetcode.greedy,0.9,leetcode.two-heaps,0.92,0.03
lc503,core,leetcode.monotonic-stack,0.98,leetcode.stack,0.93,0.04
lc504,fallback,leetcode.math,0.89,,0.83,0.03
lc505,fallback,leetcode.graphs,0.64,,0.9,0.16
lc506,fallback,leetcode.sorting-algorithms,0.35,,0.95,0.03
lc507,fallback,leetcode.math,0.79,,0.95,0.03
lc508,fallback,leetcode.tree-dfs,0.93,leetcode.hash-maps;leetcode.recursion,0.81,0.12
lc509,core,leetcode.dp-1d,0.67,,0.96,0.03
lc513,fallback,leetcode.tree-bfs,0.97,leetcode.binary-trees,0.75,0.16
lc514,fallback,leetcode.dp-1d,0.3,,0.92,0.16
lc515,fallback,leetcode.tree-bfs,0.98,leetcode.binary-trees,0.73,0.13
lc516,core,leetcode.dp-grid,0.55,,0.94,0.03
lc517,fallback,leetcode.prefix-sums,0.55,,0.85,0.07
lc518,core,leetcode.dp-grid,0.53,,0.93,0.03
lc520,fallback,leetcode.arrays-strings,0.81,,0.96,0.02
lc521,fallback,leetcode.greedy,0.09,,0.84,0.03
lc522,fallback,leetcode.arrays-strings,0.78,,0.93,0.07
lc523,fallback,leetcode.prefix-sums,0.93,leetcode.hash-maps,0.94,0.03
lc524,fallback,leetcode.arrays-strings,0.8,leetcode.two-pointers,0.91,0.03
lc525,fallback,leetcode.prefix-sums,0.96,leetcode.hash-maps,0.93,0.03
lc526,fallback,leetcode.backtracking,0.97,leetcode.recursion;leetcode.subsets,0.94,0.03
lc527,fallback,leetcode.trie,0.95,,0.91,0.04
lc529,fallback,leetcode.graphs,0.83,leetcode.recursion;leetcode.islands,0.93,0.11
lc530,fallback,leetcode.bst,0.8,leetcode.tree-dfs;leetcode.recursion;leetcode.binary-trees,0.71,0.11
lc531,fallback,leetcode.arrays-strings,0.77,,0.95,0.08
lc532,fallback,leetcode.hash-maps,0.96,,0.93,0.03
lc533,fallback,leetcode.hash-maps,0.63,,0.92,0.28
lc536,fallback,leetcode.recursion,0.91,leetcode.binary-trees,0.74,0.1
lc537,fallback,leetcode.math,0.41,,0.91,0.03
lc538,fallback,leetcode.recursion,0.83,leetcode.tree-dfs;leetcode.bst;leetcode.binary-trees,0.85,0.14
lc539,fallback,leetcode.greedy,0.37,,0.87,0.03
lc540,core,leetcode.binary-search,0.94,,0.93,0.03
lc541,fallback,leetcode.arrays-strings,0.87,,0.95,0.04
lc542,core,leetcode.graphs,0.71,leetcode.islands,0.92,0.06
lc544,fallback,leetcode.arrays-strings,0.86,,0.9,0.06
lc545,core,leetcode.tree-dfs,0.93,leetcode.recursion;leetcode.binary-trees,0.85,0.19
lc546,fallback,leetcode.dp-intervals,0.74,leetcode.recursion,0.9,0.05
lc547,core,leetcode.graphs,0.97,,0.93,0.07
lc548,fallback,leetcode.prefix-sums,0.92,leetcode.hash-maps,0.91,0.06
lc549,fallback,leetcode.tree-dfs,0.96,leetcode.recursion,0.72,0.15
lc551,fallback,leetcode.arrays-strings,0.44,,0.97,0.03
lc552,fallback,leetcode.recursion,0.61,,0.9,0.03
lc553,fallback,leetcode.math,0.46,,0.9,0.03
lc554,fallback,leetcode.hash-maps,0.97,leetcode.prefix-sums,0.92,0.26
lc555,fallback,leetcode.arrays-strings,0.54,,0.84,0.1
lc556,fallback,leetcode.two-pointers,0.54,,0.92,0.03
lc557,fallback,leetcode.arrays-strings,0.51,,0.94,0.03
lc561,fallback,leetcode.greedy,0.92,,0.94,0.03
lc562,fallback,leetcode.dp-grid,0.91,,0.92,0.09
lc563,fallback,leetcode.tree-dfs,0.95,leetcode.recursion;leetcode.binary-trees,0.85,0.08
lc564,fallback,leetcode.math,0.65,,0.9,0.03
lc565,fallback,leetcode.graphs,0.61,,0.93,0.05
lc566,fallback,leetcode.arrays-strings,0.93,,0.93,0.06
lc567,core,leetcode.sliding-window,0.95,leetcode.hash-maps,0.92,0.03
lc568,fallback,leetcode.dp-grid,0.56,,0.88,0.06
lc572,core,leetcode.recursion,0.89,leetcode.binary-trees;leetcode.tree-dfs,0.85,0.11
lc573,fallback,leetcode.greedy,0.54,,0.77,0.09
lc575,fallback,leetcode.hash-maps,0.86,,0.95,0.03
lc576,fallback,leetcode.recursion,0.69,,0.91,0.09
lc581,fallback,leetcode.two-pointers,0.55,,0.93,0.03
lc582,fallback,leetcode.graphs,0.89,leetcode.tree-dfs;leetcode.recursion,0.93,0.22
lc583,core,leetcode.dp-strings,0.98,,0.94,0.03
lc587,fallback,leetcode.stack,0.38,,0.77,0.18
lc591,fallback,leetcode.stack,0.94,,0.56,0.14
lc592,fallback,leetcode.math,0.72,,0.86,0.03
lc593,fallback,leetcode.math,0.15,,0.92,0.07
lc594,fallback,leetcode.hash-maps,0.97,,0.94,0.03
lc598,fallback,leetcode.arrays-strings,0.26,,0.93,0.06
lc599,fallback,leetcode.hash-maps,0.92,,0.94,0.03
lc600,fallback,leetcode.recursion,0.66,,0.93,0.03
lc605,fallback,leetcode.greedy,0.88,leetcode.arrays-strings,0.94,0.05
lc606,fallback,leetcode.recursion,0.95,leetcode.binary-trees;leetcode.tree-dfs,0.85,0.09
lc609,fallback,leetcode.hash-maps,0.95,,0.93,0.04
lc611,fallback,leetcode.binary-search,0.48,,0.66,0.04
lc616,fallback,leetcode.trie,0.78,leetcode.merge-intervals,0.9,0.08
lc617,fallback,leetcode.recursion,0.94,leetcode.binary-trees;leetcode.tree-dfs,0.77,0.18
lc621,core,leetcode.greedy,0.76,,0.93,0.04
lc623,fallback,leetcode.recursion,0.84,leetcode.tree-dfs;leetcode.binary-trees,0.84,0.15
lc624,fallback,leetcode.greedy,0.81,,0.93,0.03
lc625,fallback,leetcode.greedy,0.83,leetcode.math,0.89,0.03
lc628,fallback,leetcode.greedy,0.53,,0.92,0.02
lc629,fallback,leetcode.dp-1d,0.55,,0.9,0.03
lc630,fallback,leetcode.greedy,0.95,,0.92,0.03
lc632,fallback,leetcode.sliding-window,0.89,leetcode.two-pointers,0.9,0.04
lc633,fallback,leetcode.two-pointers,0.92,,0.94,0.02
lc634,fallback,leetcode.dp-1d,0.83,,0.85,0.03
lc636,fallback,leetcode.stack,0.94,,0.92,0.09
lc637,fallback,leetcode.tree-bfs,0.98,,0.72,0.12
lc638,fallback,leetcode.recursion,0.69,,0.92,0.04
lc639,fallback,leetcode.dp-1d,0.98,,0.92,0.03
lc640,fallback,leetcode.arrays-strings,0.79,,0.83,0.03
lc643,fallback,leetcode.sliding-window,0.94,,0.93,0.02
lc644,fallback,leetcode.binary-search,0.95,,0.9,0.03
lc645,fallback,leetcode.math,0.75,,0.91,0.03
lc646,fallback,leetcode.greedy,0.96,,0.93,0.03
lc647,core,leetcode.two-pointers,0.52,,0.94,0.03
lc648,fallback,leetcode.trie,0.98,,0.9,0.03
lc649,core,leetcode.greedy,0.74,,0.9,0.04
lc650,fallback,leetcode.math,0.72,leetcode.recursion,0.93,0.04
lc651,fallback,leetcode.dp-1d,0.9,,0.9,0.04
lc653,core,leetcode.hash-maps,0.95,,0.79,0.11
lc654,fallback,leetcode.recursion,0.91,,0.75,0.11
lc655,fallback,leetcode.recursion,0.83,leetcode.tree-dfs;leetcode.binary-trees,0.74,0.17
lc656,fallback,leetcode.dp-1d,0.94,,0.89,0.04
lc657,fallback,leetcode.arrays-strings,0.95,,0.96,0.05
lc658,core,leetcode.greedy,0.33,,0.93,0.03
lc659,fallback,leetcode.greedy,0.77,,0.93,0.03
lc660,fallback,leetcode.math,0.87,,0.91,0.03
lc661,fallback,leetcode.arrays-strings,0.93,,0.92,0.52
lc662,core,leetcode.tree-bfs,0.96,,0.78,0.18
lc663,fallback,leetcode.tree-dfs,0.88,leetcode.recursion;leetcode.hash-maps,0.79,0.14
lc664,fallback,leetcode.dp-intervals,0.93,,0.93,0.04
lc665,fallback,leetcode.arrays-strings,0.84,,0.93,0.03
lc666,fallback,leetcode.tree-dfs,0.97,leetcode.recursion;leetcode.binary-trees,0.78,0.43
lc667,fallback,leetcode.two-pointers,0.68,,0.91,0.03
lc668,fallback,leetcode.binary-search,0.96,,0.9,0.08
lc669,fallback,leetcode.bst,0.91,leetcode.recursion;leetcode.tree-dfs,0.81,0.13
lc670,fallback,leetcode.greedy,0.82,,0.93,0.03
lc671,fallback,leetcode.tree-dfs,0.88,leetcode.recursion;leetcode.binary-trees,0.84,0.12
lc672,fallback,leetcode.bit-manipulation,0.91,leetcode.subsets,0.85,0.04
lc673,core,leetcode.dp-lis,0.96,leetcode.dp-1d,0.92,0.03
lc674,fallback,leetcode.arrays-strings,0.94,,0.94,0.03
lc675,fallback,leetcode.graphs,0.72,,0.91,0.29
lc678,core,leetcode.dp-intervals,0.67,,0.93,0.03
lc679,fallback,leetcode.backtracking,0.91,leetcode.recursion,0.91,0.03
lc680,core,leetcode.two-pointers,0.95,,0.91,0.03
lc681,fallback,leetcode.backtracking,0.73,leetcode.recursion;leetcode.subsets,0.89,0.03
lc682,core,leetcode.stack,0.94,,0.95,0.03
lc683,fallback,leetcode.prefix-sums,0.38,,0.92,0.05
lc684,core,leetcode.union-find,0.98,,0.92,0.07
lc685,fallback,leetcode.union-find,0.92,,0.88,0.12
lc686,core,leetcode.arrays-strings,0.3,,0.94,0.03
lc687,fallback,leetcode.tree-dfs,0.97,leetcode.recursion,0.73,0.36
lc688,fallback,leetcode.dp-grid,0.81,,0.78,0.34
lc689,fallback,leetcode.sliding-window,0.64,,0.88,0.04
lc691,fallback,leetcode.graphs,0.7,,0.92,0.03
lc692,fallback,leetcode.hash-maps,0.71,,0.95,0.02
lc693,fallback,leetcode.bit-manipulation,0.49,,0.94,0.03
lc694,fallback,leetcode.islands,0.9,leetcode.graphs;leetcode.recursion,0.9,0.13
lc695,core,leetcode.islands,0.98,leetcode.graphs;leetcode.recursion,0.93,0.08
lc696,fallback,leetcode.arrays-strings,0.78,,0.94,0.03
lc697,fallback,leetcode.hash-maps,0.95,,0.93,0.03
lc698,core,leetcode.backtracking,0.96,leetcode.recursion,0.88,0.03
lc699,fallback,leetcode.recursion,0.13,,0.9,0.22
lc700,core,leetcode.bst,0.98,leetcode.recursion,0.78,0.13
lc701,core,leetcode.bst,0.98,leetcode.recursion,0.71,0.31
lc704,core,leetcode.binary-search,0.3,,0.94,0.02
lc711,fallback,leetcode.islands,0.91,leetcode.graphs,0.87,0.19
lc712,fallback,leetcode.dp-strings,0.98,leetcode.dp-grid,0.93,0.03
lc713,fallback,leetcode.sliding-window,0.98,leetcode.two-pointers,0.92,0.03
lc714,core,leetcode.recursion,0.55,,0.92,0.03
lc717,fallback,leetcode.arrays-strings,0.93,,0.93,0.04
lc718,fallback,leetcode.dp-grid,0.83,leetcode.dp-strings,0.88,0.03
lc719,fallback,leetcode.binary-search,0.95,,0.91,0.03
lc720,fallback,leetcode.trie,0.95,,0.93,0.03
lc721,core,leetcode.union-find,0.98,,0.92,0.03
lc722,fallback,leetcode.arrays-strings,0.93,,0.92,0.08
lc723,fallback,leetcode.arrays-strings,0.89,,0.92,0.11
lc724,fallback,leetcode.prefix-sums,0.89,,0.96,0.03
lc726,fallback,leetcode.recursion,0.67,,0.92,0.03
lc727,fallback,leetcode.dp-strings,0.88,leetcode.dp-grid,0.9,0.03
lc728,fallback,leetcode.math,0.85,,0.94,0.02
lc730,fallback,leetcode.dp-grid,0.53,,0.91,0.03
lc733,core,leetcode.islands,0.96,leetcode.graphs;leetcode.recursion,0.93,0.13
lc734,fallback,leetcode.hash-maps,0.87,leetcode.arrays-strings,0.95,0.03
lc735,core,leetcode.stack,0.94,,0.92,0.06
lc736,fallback,leetcode.recursion,0.75,,0.82,0.06
lc737,fallback,leetcode.union-find,0.97,,0.93,0.03
lc738,fallback,leetcode.greedy,0.84,,0.94,0.03
lc740,fallback,leetcode.dp-1d,0.94,,0.94,0.03
lc741,fallback,leetcode.dp-grid,0.74,,0.91,0.11
lc742,fallback,leetcode.graphs,0.93,leetcode.tree-bfs,0.81,0.14
lc743,core,leetcode.shortest-paths,0.93,,0.92,0.07
lc744,fallback,leetcode.binary-search,0.82,,0.91,0.03
lc746,core,leetcode.dp-1d,0.98,,0.92,0.05
lc747,fallback,leetcode.top-k-elements,0.69,,0.95,0.02
lc748,fallback,leetcode.hash-maps,0.94,leetcode.arrays-strings,0.95,0.03
lc749,fallback,leetcode.islands,0.86,leetcode.graphs,0.81,0.47
lc750,fallback,leetcode.hash-maps,0.91,,0.93,0.1
lc751,fallback,leetcode.greedy,0.7,,0.89,0.04
lc752,core,leetcode.graphs,0.95,,0.93,0.05
lc753,fallback,leetcode.graphs,0.6,,0.84,0.13
lc754,fallback,leetcode.math,0.85,,0.94,0.04
lc755,fallback,leetcode.arrays-strings,0.92,,0.83,0.26
lc756,fallback,leetcode.recursion,0.92,leetcode.backtracking;leetcode.tree-dfs,0.9,0.29
lc757,fallback,leetcode.greedy,0.97,,0.9,0.04
lc758,fallback,leetcode.trie,0.75,leetcode.merge-intervals,0.76,0.09
lc760,fallback,leetcode.hash-maps,0.95,,0.93,0.03
lc761,fallback,leetcode.recursion,0.92,,0.9,0.04
lc762,fallback,leetcode.bit-manipulation,0.54,,0.88,0.03
lc764,fallback,leetcode.dp-grid,0.85,,0.91,0.35
lc765,fallback,leetcode.union-find,0.95,,0.92,0.05
lc766,fallback,leetcode.arrays-strings,0.9,,0.94,0.14
lc767,core,leetcode.greedy,0.83,,0.94,0.03
lc768,fallback,leetcode.monotonic-stack,0.8,leetcode.stack,0.91,0.03
lc769,fallback,leetcode.greedy,0.8,,0.92,0.04
lc770,fallback,leetcode.stack,0.55,,0.63,0.04
lc771,fallback,leetcode.hash-maps,0.95,,0.95,0.03
lc772,fallback,leetcode.stack,0.91,,0.9,0.03
lc773,fallback,leetcode.graphs,0.91,,0.91,0.09
lc774,core,leetcode.binary-search,0.97,,0.88,0.06
lc775,fallback,leetcode.arrays-strings,0.73,,0.94,0.03
lc777,fallback,leetcode.arrays-strings,0.62,,0.94,0.04
lc778,core,leetcode.union-find,0.96,leetcode.mst,0.93,0.3
lc779,fallback,leetcode.recursion,0.94,,0.93,0.06
lc780,fallback,leetcode.math,0.86,,0.94,0.04
lc781,fallback,leetcode.hash-maps,0.79,,0.89,0.04
lc782,fallback,leetcode.bit-manipulation,0.85,,0.85,0.23
lc783,fallback,leetcode.bst,0.83,leetcode.tree-dfs;leetcode.binary-trees;leetcode.recursion,0.7,0.11
lc784,fallback,leetcode.backtracking,0.94,leetcode.recursion;leetcode.subsets,0.92,0.03
lc785,core,leetcode.graphs,0.97,,0.9,0.09
lc786,fallback,leetcode.top-k-elements,0.89,leetcode.k-way-merge,0.92,0.03
lc787,core,leetcode.shortest-paths,0.95,,0.92,0.23
lc788,fallback,leetcode.arrays-strings,0.62,,0.95,0.06
lc789,fallback,leetcode.math,0.28,,0.91,0.06
lc790,fallback,leetcode.dp-1d,0.49,,0.64,0.63
lc791,fallback,leetcode.hash-maps,0.29,,0.94,0.03
lc792,fallback,leetcode.hash-maps,0.47,,0.93,0.03
lc793,fallback,leetcode.binary-search,0.91,,0.9,0.03
lc794,fallback,leetcode.arrays-strings,0.76,,0.92,0.1
lc795,fallback,leetcode.arrays-strings,0.63,,0.93,0.03
lc796,core,leetcode.arrays-strings,0.11,,0.95,0.03
lc797,fallback,leetcode.graphs,0.7,,0.92,0.07
lc798,fallback,leetcode.prefix-sums,0.82,,0.92,0.04
lc799,fallback,leetcode.dp-grid,0.88,,0.87,0.3
lc800,fallback,leetcode.math,0.73,,0.9,0.04
lc801,fallback,leetcode.dp-1d,0.86,,0.94,0.03
lc802,core,leetcode.topological-sort,0.89,,0.92,0.28
lc803,fallback,leetcode.union-find,0.97,,0.86,0.1
lc804,fallback,leetcode.hash-maps,0.87,,0.84,0.05
lc805,fallback,leetcode.subsets,0.66,,0.92,0.03
lc806,fallback,leetcode.arrays-strings,0.95,,0.95,0.04
lc807,fallback,leetcode.greedy,0.5,,0.9,0.42
lc808,fallback,leetcode.recursion,0.8,,0.92,0.04
lc809,fallback,leetcode.arrays-strings,0.85,leetcode.two-pointers,0.93,0.04
lc810,fallback,leetcode.bit-manipulation,0.61,,0.93,0.03
lc811,fallback,leetcode.hash-maps,0.95,leetcode.arrays-strings,0.91,0.04
lc812,fallback,leetcode.arrays-strings,0.47,,0.83,0.29
lc813,fallback,leetcode.dp-1d,0.92,leetcode.dp-intervals;leetcode.recursion,0.92,0.03
lc814,fallback,leetcode.recursion,0.93,leetcode.tree-dfs;leetcode.binary-trees,0.8,0.29
lc815,fallback,leetcode.graphs,0.95,,0.92,0.04
lc816,fallback,leetcode.arrays-strings,0.49,,0.9,0.04
lc817,fallback,leetcode.linked-lists,0.63,,0.86,0.11
lc818,fallback,leetcode.dp-1d,0.87,,0.92,0.04
lc820,fallback,leetcode.trie,0.96,leetcode.tree-dfs,0.92,0.08
lc821,fallback,leetcode.arrays-strings,0.79,,0.95,0.03
lc822,fallback,leetcode.hash-maps,0.86,,0.94,0.05
lc823,fallback,leetcode.dp-1d,0.7,,0.9,0.13
lc824,fallback,leetcode.arrays-strings,0.92,,0.96,0.03
lc825,fallback,leetcode.hash-maps,0.5,,0.95,0.03
lc826,fallback,leetcode.greedy,0.85,leetcode.two-pointers,0.94,0.03
lc827,core,leetcode.islands,0.84,leetcode.graphs,0.91,0.07
lc828,fallback,leetcode.hash-maps,0.48,,0.91,0.03
lc829,fallback,leetcode.math,0.81,,0.89,0.03
lc830,fallback,leetcode.arrays-strings,0.94,leetcode.two-pointers,0.95,0.03
lc831,fallback,leetcode.arrays-strings,0.74,,0.93,0.04
lc832,fallback,leetcode.two-pointers,0.84,leetcode.arrays-strings,0.94,0.05
lc833,fallback,leetcode.arrays-strings,0.86,,0.93,0.05
lc834,fallback,leetcode.tree-dfs,0.84,,0.83,0.29
lc835,fallback,leetcode.hash-maps,0.92,leetcode.arrays-strings,0.91,0.35
lc836,fallback,leetcode.merge-intervals,0.12,,0.95,0.11
lc837,fallback,leetcode.dp-1d,0.84,,0.91,0.04
lc838,fallback,leetcode.graphs,0.76,,0.91,0.09
lc839,fallback,leetcode.union-find,0.97,,0.91,0.04
lc841,fallback,leetcode.graphs,0.98,,0.94,0.04
lc842,fallback,leetcode.backtracking,0.97,leetcode.recursion,0.93,0.03
lc846,core,leetcode.greedy,0.88,leetcode.hash-maps,0.92,0.03
lc850,fallback,leetcode.merge-intervals,0.11,,0.86,0.36
lc851,fallback,leetcode.graphs,0.76,,0.92,0.05
lc852,fallback,leetcode.binary-search,0.93,,0.91,0.07
lc853,core,leetcode.greedy,0.53,,0.92,0.07
lc854,fallback,leetcode.graphs,0.86,,0.93,0.03
lc856,fallback,leetcode.arrays-strings,0.67,,0.94,0.04
lc857,fallback,leetcode.greedy,0.85,leetcode.top-k-elements,0.92,0.03
lc858,fallback,leetcode.math,0.95,,0.57,0.4
lc859,fallback,leetcode.hash-maps,0.76,leetcode.arrays-strings,0.95,0.03
lc860,core,leetcode.greedy,0.88,,0.95,0.03
lc861,fallback,leetcode.greedy,0.86,,0.93,0.06
lc862,fallback,leetcode.prefix-sums,0.76,,0.93,0.03
lc864,fallback,leetcode.graphs,0.81,,0.91,0.1
lc865,fallback,leetcode.tree-dfs,0.96,leetcode.recursion;leetcode.binary-trees,0.79,0.32
lc866,fallback,leetcode.math,0.88,,0.94,0.03
lc867,core,leetcode.arrays-strings,0.45,,0.93,0.1
lc868,fallback,leetcode.arrays-strings,0.47,,0.93,0.12
lc869,fallback,leetcode.hash-maps,0.72,,0.92,0.03
lc870,fallback,leetcode.greedy,0.92,leetcode.two-pointers,0.93,0.03
lc871,fallback,leetcode.greedy,0.92,leetcode.top-k-elements,0.92,0.05
lc872,fallback,leetcode.binary-trees,0.91,leetcode.recursion;leetcode.tree-dfs,0.7,0.56
lc873,fallback,leetcode.dp-grid,0.43,,0.93,0.03
lc874,fallback,leetcode.arrays-strings,0.75,,0.93,0.06
lc875,core,leetcode.binary-search,0.98,,0.93,0.03
lc876,core,leetcode.fast-slow-pointers,0.99,leetcode.two-pointers;leetcode.linked-lists,0.79,0.07
lc877,core,leetcode.recursion,0.54,,0.92,0.04
lc878,fallback,leetcode.binary-search,0.9,,0.78,0.03
lc879,fallback,leetcode.knapsack-dp,0.86,,0.93,0.03
lc880,fallback,leetcode.arrays-strings,0.48,,0.94,0.03
lc881,core,leetcode.two-pointers,0.97,leetcode.greedy,0.95,0.03
lc882,fallback,leetcode.shortest-paths,0.93,,0.87,0.37
lc883,fallback,leetcode.arrays-strings,0.7,,0.75,0.52
lc884,fallback,leetcode.hash-maps,0.98,,0.94,0.02
lc885,fallback,leetcode.arrays-strings,0.76,,0.9,0.17
lc886,fallback,leetcode.graphs,0.97,,0.92,0.04
lc887,fallback,leetcode.recursion,0.49,,0.92,0.04
lc888,fallback,leetcode.hash-maps,0.94,,0.94,0.03
lc889,fallback,leetcode.binary-trees,0.91,leetcode.recursion,0.64,0.1
lc890,fallback,leetcode.hash-maps,0.65,,0.93,0.03
lc891,fallback,leetcode.math,0.6,,0.91,0.03
lc892,fallback,leetcode.arrays-strings,0.78,,0.8,0.27
lc893,fallback,leetcode.hash-maps,0.8,,0.94,0.03
lc896,fallback,leetcode.arrays-strings,0.87,,0.95,0.03
lc897,fallback,leetcode.binary-trees,0.85,leetcode.recursion;leetcode.tree-dfs;leetcode.bst,0.71,0.13
lc898,fallback,leetcode.hash-maps,0.32,,0.93,0.03
lc899,fallback,leetcode.greedy,0.37,,0.91,0.03
lc902,fallback,leetcode.recursion,0.75,,0.86,0.03
lc903,fallback,leetcode.dp-grid,0.38,,0.92,0.03
lc904,core,leetcode.sliding-window,0.98,,0.94,0.04
lc905,fallback,leetcode.two-pointers,0.96,,0.95,0.03
lc906,fallback,leetcode.math,0.33,,0.93,0.03
lc907,core,leetcode.monotonic-stack,0.98,leetcode.stack,0.91,0.03
lc908,fallback,leetcode.math,0.55,,0.95,0.03
lc909,fallback,leetcode.graphs,0.93,,0.89,0.18
lc910,fallback,leetcode.greedy,0.77,,0.94,0.03
lc912,core,leetcode.sorting-algorithms,0.98,,0.9,0.03
lc913,fallback,leetcode.topological-sort,0.55,,0.89,0.07
lc914,fallback,leetcode.math,0.91,,0.93,0.03
lc915,fallback,leetcode.arrays-strings,0.54,,0.94,0.03
lc916,fallback,leetcode.hash-maps,0.93,,0.94,0.03
lc917,fallback,leetcode.two-pointers,0.97,,0.96,0.03
lc918,core,leetcode.prefix-sums,0.61,,0.9,0.06
lc920,fallback,leetcode.dp-grid,0.71,,0.93,0.03
lc921,core,leetcode.stack,0.94,,0.94,0.03
lc922,fallback,leetcode.two-pointers,0.85,,0.94,0.03
lc923,fallback,leetcode.hash-maps,0.92,,0.93,0.03
lc924,fallback,leetcode.union-find,0.95,,0.91,0.06
lc925,fallback,leetcode.two-pointers,0.91,leetcode.arrays-strings,0.91,0.03
lc926,fallback,leetcode.prefix-sums,0.68,,0.94,0.03
lc927,fallback,leetcode.arrays-strings,0.75,,0.93,0.04
lc928,fallback,leetcode.union-find,0.92,,0.89,0.07
lc929,fallback,leetcode.hash-maps,0.83,leetcode.arrays-strings,0.95,0.03
lc930,core,leetcode.prefix-sums,0.97,leetcode.hash-maps,0.93,0.16
lc931,fallback,leetcode.dp-grid,0.87,,0.92,0.2
lc932,fallback,leetcode.recursion,0.91,,0.89,0.04
lc934,fallback,leetcode.islands,0.89,leetcode.graphs,0.9,0.08
lc935,fallback,leetcode.dp-1d,0.54,,0.48,0.73
lc936,fallback,leetcode.topological-sort,0.91,leetcode.graphs,0.89,0.06
lc937,fallback,leetcode.sorting-algorithms,0.26,,0.94,0.03
lc938,fallback,leetcode.bst,0.88,leetcode.recursion;leetcode.tree-dfs,0.79,0.09
lc939,fallback,leetcode.hash-maps,0.8,,0.91,0.09
lc940,fallback,leetcode.dp-1d,0.36,,0.91,0.03
lc941,fallback,leetcode.two-pointers,0.91,leetcode.arrays-strings,0.95,0.05
lc942,fallback,leetcode.two-pointers,0.69,,0.93,0.04
lc943,fallback,leetcode.bit-manipulation,0.3,,0.9,0.03
lc944,fallback,leetcode.arrays-strings,0.95,,0.93,0.07
lc945,fallback,leetcode.greedy,0.92,,0.95,0.03
lc946,fallback,leetcode.stack,0.92,,0.94,0.03
lc947,core,leetcode.union-find,0.98,,0.93,0.08
lc948,fallback,leetcode.greedy,0.95,leetcode.two-pointers,0.94,0.03
lc949,fallback,leetcode.arrays-strings,0.54,,0.94,0.03
lc950,fallback,leetcode.arrays-strings,0.18,,0.94,0.04
lc951,fallback,leetcode.recursion,0.91,leetcode.tree-dfs;leetcode.binary-trees,0.77,0.17
lc952,fallback,leetcode.union-find,0.97,,0.92,0.1
lc953,core,leetcode.arrays-strings,0.79,,0.89,0.05
lc954,fallback,leetcode.hash-maps,0.85,leetcode.greedy,0.93,0.03
lc955,fallback,leetcode.greedy,0.85,,0.93,0.03
lc956,fallback,leetcode.recursion,0.58,,0.9,0.06
lc957,fallback,leetcode.arrays-strings,0.53,,0.95,0.06
lc958,fallback,leetcode.tree-bfs,0.93,leetcode.binary-trees,0.81,0.16
lc959,fallback,leetcode.union-find,0.97,,0.79,0.47
lc960,fallback,leetcode.dp-lis,0.88,leetcode.dp-1d,0.92,0.04
lc961,fallback,leetcode.hash-maps,0.95,,0.94,0.02
lc962,fallback,leetcode.monotonic-stack,0.86,leetcode.stack,0.94,0.04
lc963,fallback,leetcode.hash-maps,0.44,,0.87,0.12
lc964,fallback,leetcode.recursion,0.78,,0.88,0.04
lc965,fallback,leetcode.recursion,0.88,leetcode.tree-dfs;leetcode.binary-trees,0.79,0.1
lc966,fallback,leetcode.hash-maps,0.93,,0.93,0.03
lc967,fallback,leetcode.recursion,0.91,leetcode.tree-dfs;leetcode.backtracking,0.92,0.03
lc968,fallback,leetcode.tree-dfs,0.75,leetcode.recursion,0.68,0.42
lc969,fallback,leetcode.greedy,0.45,,0.94,0.04
lc971,fallback,leetcode.tree-dfs,0.92,leetcode.binary-trees;leetcode.recursion,0.79,0.21
lc972,fallback,leetcode.math,0.73,,0.68,0.24
lc973,core,leetcode.sorting-algorithms,0.43,,0.93,0.06
lc974,fallback,leetcode.prefix-sums,0.95,leetcode.hash-maps,0.92,0.03
lc976,fallback,leetcode.greedy,0.91,,0.86,0.04
lc977,fallback,leetcode.two-pointers,0.97,,0.93,0.03
lc978,core,leetcode.dp-1d,0.6,,0.93,0.04
lc979,fallback,leetcode.tree-dfs,0.9,leetcode.recursion,0.77,0.14
lc982,fallback,leetcode.hash-maps,0.86,,0.94,0.03
lc983,fallback,leetcode.dp-1d,0.91,leetcode.recursion,0.93,0.03
lc984,fallback,leetcode.greedy,0.85,,0.95,0.03
lc985,fallback,leetcode.arrays-strings,0.72,,0.94,0.03
lc986,fallback,leetcode.two-pointers,0.93,,0.94,0.1
lc987,core,leetcode.tree-dfs,0.58,,0.84,0.12
lc988,fallback,leetcode.tree-dfs,0.95,leetcode.recursion;leetcode.backtracking,0.81,0.16
lc989,fallback,leetcode.arrays-strings,0.74,,0.93,0.03
lc990,fallback,leetcode.union-find,0.98,,0.91,0.03
lc991,fallback,leetcode.greedy,0.79,,0.94,0.03
lc992,core,leetcode.sliding-window,0.92,,0.91,0.03
lc993,fallback,leetcode.tree-bfs,0.94,leetcode.binary-trees,0.82,0.12
lc997,core,leetcode.hash-maps,0.57,,0.95,0.04
lc998,fallback,leetcode.recursion,0.9,,0.79,0.2
lc999,fallback,leetcode.arrays-strings,0.93,,0.93,0.12
lc1000,fallback,leetcode.dp-intervals,0.88,,0.92,0.04
lc1001,fallback,leetcode.hash-maps,0.95,,0.91,0.3
lc1002,fallback,leetcode.hash-maps,0.95,,0.92,0.03
lc1003,fallback,leetcode.stack,0.89,,0.95,0.03
lc1004,core,leetcode.sliding-window,0.94,leetcode.two-pointers,0.92,0.11
lc1005,fallback,leetcode.greedy,0.9,,0.94,0.03
lc1006,fallback,leetcode.stack,0.75,,0.92,0.03
lc1007,fallback,leetcode.greedy,0.48,,0.93,0.19
lc1008,core,leetcode.recursion,0.81,leetcode.bst;leetcode.binary-trees,0.71,0.12
lc1009,fallback,leetcode.bit-manipulation,0.92,,0.93,0.03
lc1010,fallback,leetcode.hash-maps,0.95,leetcode.math,0.95,0.02
lc1011,core,leetcode.binary-search,0.98,,0.93,0.04
lc1012,fallback,leetcode.recursion,0.61,,0.91,0.03
lc1013,fallback,leetcode.arrays-strings,0.62,,0.94,0.03
lc1014,fallback,leetcode.arrays-strings,0.36,,0.94,0.04
lc1016,fallback,leetcode.arrays-strings,0.44,,0.92,0.04
lc1017,fallback,leetcode.math,0.85,,0.85,0.03
lc1018,fallback,leetcode.math,0.84,,0.94,0.04
lc1019,fallback,leetcode.monotonic-stack,0.98,leetcode.stack,0.88,0.05
lc1020,core,leetcode.islands,0.97,leetcode.graphs,0.92,0.1
lc1021,fallback,leetcode.arrays-strings,0.82,,0.95,0.03
lc1022,fallback,leetcode.tree-dfs,0.98,leetcode.recursion;leetcode.binary-trees,0.79,0.1
lc1023,fallback,leetcode.arrays-strings,0.78,leetcode.two-pointers,0.93,0.03
lc1024,fallback,leetcode.greedy,0.92,,0.91,0.05
lc1025,fallback,leetcode.math,0.81,,0.94,0.03
lc1026,fallback,leetcode.tree-dfs,0.94,leetcode.recursion,0.81,0.17
lc1027,fallback,leetcode.dp-grid,0.24,,0.93,0.03
lc1028,fallback,leetcode.recursion,0.9,leetcode.binary-trees;leetcode.tree-dfs,0.75,0.09
lc1029,fallback,leetcode.greedy,0.96,,0.94,0.03
lc1030,fallback,leetcode.graphs,0.91,leetcode.islands,0.93,0.05
lc1031,fallback,leetcode.sliding-window,0.64,leetcode.prefix-sums,0.94,0.03
lc1033,fallback,leetcode.math,0.54,,0.93,0.05
lc1034,fallback,leetcode.graphs,0.94,leetcode.islands,0.93,0.08
lc1035,fallback,leetcode.dp-strings,0.96,leetcode.dp-grid,0.91,0.33
lc1036,fallback,leetcode.graphs,0.9,leetcode.islands,0.89,0.07
lc1037,fallback,leetcode.math,0.19,,0.89,0.14
lc1038,fallback,leetcode.recursion,0.83,leetcode.tree-dfs;leetcode.binary-trees;leetcode.bst,0.82,0.13
lc1039,fallback,leetcode.dp-intervals,0.97,,0.91,0.18
lc1040,fallback,leetcode.sliding-window,0.81,leetcode.two-pointers,0.89,0.05
lc1041,fallback,leetcode.arrays-strings,0.52,,0.93,0.06
lc1042,fallback,leetcode.greedy,0.69,,0.93,0.05
lc1043,core,leetcode.dp-1d,0.95,,0.94,0.04
lc1044,fallback,leetcode.binary-search,0.93,,0.92,0.03
lc1046,core,leetcode.top-k-elements,0.78,,0.95,0.03
lc1047,fallback,leetcode.stack,0.95,,0.96,0.03
lc1048,core,leetcode.dp-1d,0.68,leetcode.dp-lis,0.94,0.03
lc1049,core,leetcode.knapsack-dp,0.97,,0.93,0.03
lc1051,fallback,leetcode.arrays-strings,0.22,,0.95,0.04
lc1052,fallback,leetcode.sliding-window,0.95,,0.93,0.03
lc1053,fallback,leetcode.greedy,0.73,,0.84,0.03
lc1054,fallback,leetcode.greedy,0.79,,0.92,0.04
lc1055,fallback,leetcode.greedy,0.75,leetcode.arrays-strings;leetcode.two-pointers,0.94,0.03
lc1056,fallback,leetcode.math,0.74,,0.94,0.06
lc1057,fallback,leetcode.greedy,0.91,,0.95,0.08
lc1058,fallback,leetcode.greedy,0.94,,0.88,0.03
lc1059,fallback,leetcode.graphs,0.87,leetcode.recursion,0.86,0.09
lc1060,fallback,leetcode.binary-search,0.95,,0.9,0.03
lc1061,fallback,leetcode.union-find,0.98,,0.94,0.03
lc1062,fallback,leetcode.dp-grid,0.69,,0.91,0.03
lc1063,fallback,leetcode.monotonic-stack,0.96,leetcode.stack,0.94,0.03
lc1064,fallback,leetcode.binary-search,0.95,,0.93,0.03
lc1065,fallback,leetcode.arrays-strings,0.8,,0.94,0.03
lc1066,fallback,leetcode.bit-manipulation,0.54,,0.92,0.08
lc1067,fallback,leetcode.recursion,0.58,,0.92,0.03
lc1071,core,leetcode.arrays-strings,0.51,,0.95,0.03
lc1072,fallback,leetcode.hash-maps,0.94,,0.92,0.05
lc1073,fallback,leetcode.arrays-strings,0.73,leetcode.math,0.8,0.04
lc1074,fallback,leetcode.prefix-sums,0.95,leetcode.hash-maps,0.91,0.06
lc1078,fallback,leetcode.arrays-strings,0.94,,0.94,0.03
lc1079,fallback,leetcode.backtracking,0.96,leetcode.subsets;leetcode.recursion,0.91,0.03
lc1080,fallback,leetcode.tree-dfs,0.97,leetcode.recursion,0.83,0.1
lc1081,fallback,leetcode.monotonic-stack,0.79,leetcode.stack;leetcode.greedy,0.9,0.03
lc1085,fallback,leetcode.math,0.69,,0.95,0.02
lc1086,fallback,leetcode.top-k-elements,0.64,,0.93,0.03
lc1087,fallback,leetcode.backtracking,0.92,leetcode.recursion;leetcode.subsets;leetcode.tree-dfs,0.89,0.03
lc1089,fallback,leetcode.two-pointers,0.9,,0.91,0.03
lc1090,fallback,leetcode.greedy,0.95,,0.95,0.03
lc1091,core,leetcode.graphs,0.84,,0.94,0.08
lc1092,core,leetcode.dp-strings,0.98,,0.93,0.03
lc1093,fallback,leetcode.arrays-strings,0.82,,0.93,0.03
lc1094,core,leetcode.prefix-sums,0.88,,0.92,0.05
lc1096,fallback,leetcode.recursion,0.88,,0.91,0.04
lc1099,fallback,leetcode.binary-search,0.44,,0.94,0.03
lc1100,fallback,leetcode.sliding-window,0.97,leetcode.hash-maps,0.93,0.03
lc1101,fallback,leetcode.union-find,0.98,,0.92,0.04
lc1102,fallback,leetcode.union-find,0.94,,0.87,0.21
lc1103,fallback,leetcode.arrays-strings,0.89,,0.95,0.03
lc1104,fallback,leetcode.math,0.67,,0.85,0.2
lc1105,fallback,leetcode.dp-1d,0.95,,0.93,0.12
lc1106,core,leetcode.stack,0.96,,0.94,0.03
lc1108,fallback,leetcode.arrays-strings,0.27,,0.96,0.02
lc1111,fallback,leetcode.arrays-strings,0.73,,0.9,0.05
lc1118,fallback,leetcode.math,0.61,,0.76,0.03
lc1119,fallback,leetcode.arrays-strings,0.79,,0.96,0.02
lc1120,fallback,leetcode.tree-dfs,0.95,leetcode.recursion;leetcode.binary-trees,0.81,0.1
lc1121,fallback,leetcode.hash-maps,0.44,,0.87,0.03
lc1122,fallback,leetcode.hash-maps,0.38,,0.94,0.03
lc1123,fallback,leetcode.tree-dfs,0.96,leetcode.recursion;leetcode.binary-trees,0.79,0.34
lc1124,fallback,leetcode.prefix-sums,0.93,leetcode.hash-maps,0.94,0.03
lc1125,fallback,leetcode.bit-manipulation,0.43,,0.92,0.03
lc1128,fallback,leetcode.hash-maps,0.97,,0.94,0.05
lc1129,fallback,leetcode.graphs,0.94,,0.91,0.05
lc1130,fallback,leetcode.dp-intervals,0.95,leetcode.recursion;leetcode.dp-1d,0.91,0.28
lc1131,fallback,leetcode.math,0.24,,0.93,0.03
lc1133,fallback,leetcode.hash-maps,0.97,,0.95,0.02
lc1134,core,leetcode.math,0.91,,0.95,0.02
lc1135,fallback,leetcode.mst,0.98,leetcode.union-find;leetcode.greedy,0.93,0.05
lc1136,fallback,leetcode.topological-sort,0.98,,0.91,0.26
lc1137,core,leetcode.dp-1d,0.83,,0.95,0.03
lc1138,fallback,leetcode.arrays-strings,0.77,,0.81,0.22
lc1139,fallback,leetcode.dp-grid,0.83,,0.91,0.08
lc1140,core,leetcode.recursion,0.58,,0.92,0.04
lc1144,fallback,leetcode.greedy,0.81,,0.94,0.04
lc1145,fallback,leetcode.tree-dfs,0.73,,0.75,0.15
lc1147,fallback,leetcode.greedy,0.83,leetcode.two-pointers,0.94,0.03
lc1150,fallback,leetcode.binary-search,0.71,,0.94,0.02
lc1151,fallback,leetcode.sliding-window,0.96,,0.9,0.03
lc1152,fallback,leetcode.hash-maps,0.7,,0.92,0.03
lc1153,fallback,leetcode.hash-maps,0.81,,0.93,0.03
lc1154,fallback,leetcode.arrays-strings,0.44,,0.85,0.03
lc1155,fallback,leetcode.dp-grid,0.45,,0.93,0.03
lc1156,fallback,leetcode.arrays-strings,0.77,,0.9,0.03
lc1160,fallback,leetcode.hash-maps,0.95,,0.95,0.03
lc1161,fallback,leetcode.tree-bfs,0.98,leetcode.binary-trees,0.82,0.08
lc1162,fallback,leetcode.islands,0.81,leetcode.graphs,0.92,0.08
lc1163,fallback,leetcode.two-pointers,0.81,leetcode.arrays-strings,0.88,0.03
lc1165,fallback,leetcode.hash-maps,0.73,leetcode.arrays-strings,0.95,0.05
lc1167,fallback,leetcode.greedy,0.86,,0.95,0.03
lc1168,fallback,leetcode.mst,0.98,leetcode.union-find;leetcode.greedy,0.9,0.28
lc1169,fallback,leetcode.hash-maps,0.58,,0.94,0.03
lc1170,fallback,leetcode.ordered-set,0.31,,0.94,0.03
lc1171,fallback,leetcode.prefix-sums,0.96,leetcode.hash-maps,0.77,0.07
lc1175,fallback,leetcode.math,0.94,,0.89,0.03
lc1176,fallback,leetcode.prefix-sums,0.91,leetcode.sliding-window,0.95,0.03
lc1177,fallback,leetcode.prefix-sums,0.88,,0.92,0.04
lc1178,fallback,leetcode.bit-manipulation,0.74,,0.93,0.03
lc1180,fallback,leetcode.arrays-strings,0.82,,0.9,0.03
lc1181,fallback,leetcode.arrays-strings,0.7,,0.92,0.03
lc1182,fallback,leetcode.dp-1d,0.53,,0.92,0.03
lc1183,fallback,leetcode.greedy,0.85,,0.89,0.06
lc1184,fallback,leetcode.arrays-strings,0.9,,0.94,0.1
lc1185,fallback,leetcode.math,0.13,,0.79,0.03
lc1186,fallback,leetcode.dp-1d,0.81,,0.92,0.03
lc1187,fallback,leetcode.dp-1d,0.81,,0.92,0.03
lc1189,fallback,leetcode.hash-maps,0.97,,0.95,0.03
lc1190,fallback,leetcode.stack,0.97,,0.94,0.03
lc1191,fallback,leetcode.prefix-sums,0.52,,0.85,0.03
lc1192,core,leetcode.recursion,0.4,,0.89,0.07
lc1196,fallback,leetcode.greedy,0.97,,0.94,0.03
lc1198,fallback,leetcode.hash-maps,0.94,,0.94,0.03
lc1199,fallback,leetcode.greedy,0.85,,0.91,0.05
lc1200,fallback,leetcode.greedy,0.31,,0.9,0.03
lc1201,fallback,leetcode.binary-search,0.95,,0.84,0.03
lc1202,fallback,leetcode.union-find,0.96,,0.89,0.03
lc1203,fallback,leetcode.topological-sort,0.97,,0.9,0.06
lc1207,fallback,leetcode.hash-maps,0.97,,0.94,0.02
lc1208,fallback,leetcode.binary-search,0.91,,0.94,0.03
lc1209,fallback,leetcode.stack,0.77,,0.93,0.03
lc1210,fallback,leetcode.graphs,0.93,,0.91,0.16
lc1213,fallback,leetcode.hash-maps,0.93,,0.94,0.03
lc1214,fallback,leetcode.two-pointers,0.91,,0.73,0.08
lc1215,fallback,leetcode.tree-bfs,0.58,,0.93,0.03
lc1216,fallback,leetcode.dp-grid,0.6,,0.92,0.03
lc1217,fallback,leetcode.math,0.62,,0.94,0.04
lc1218,fallback,leetcode.hash-maps,0.77,,0.93,0.03
lc1219,fallback,leetcode.backtracking,0.97,leetcode.recursion,0.93,0.05
lc1220,fallback,leetcode.dp-1d,0.53,,0.94,0.03
lc1221,fallback,leetcode.greedy,0.84,leetcode.arrays-strings,0.94,0.03
lc1222,fallback,leetcode.arrays-strings,0.72,,0.77,0.28
lc1223,fallback,leetcode.recursion,0.83,,0.92,0.04
lc1224,fallback,leetcode.hash-maps,0.93,leetcode.arrays-strings,0.93,0.03
lc1227,fallback,leetcode.math,0.52,,0.92,0.04
lc1228,fallback,leetcode.math,0.92,,0.93,0.03
lc1229,fallback,leetcode.two-pointers,0.93,leetcode.greedy,0.91,0.03
lc1230,fallback,leetcode.dp-grid,0.49,,0.93,0.03
lc1231,fallback,leetcode.binary-search,0.96,,0.9,0.05
lc1232,fallback,leetcode.arrays-strings,0.3,,0.86,0.07
lc1233,fallback,leetcode.arrays-strings,0.68,leetcode.greedy,0.94,0.04
lc1234,fallback,leetcode.sliding-window,0.97,leetcode.two-pointers,0.94,0.02
lc1238,fallback,leetcode.bit-manipulation,0.82,,0.9,0.04
lc1239,fallback,leetcode.bit-manipulation,0.72,leetcode.subsets,0.91,0.03
lc1240,fallback,leetcode.backtracking,0.96,leetcode.recursion;leetcode.tree-dfs,0.8,0.16
lc1242,fallback,leetcode.graphs,0.8,,0.74,0.18
lc1243,fallback,leetcode.arrays-strings,0.94,,0.93,0.04
lc1245,fallback,leetcode.tree-dfs,0.89,leetcode.graphs,0.9,0.11
lc1246,fallback,leetcode.dp-intervals,0.94,,0.9,0.03
lc1247,fallback,leetcode.greedy,0.51,,0.93,0.03
lc1248,core,leetcode.prefix-sums,0.94,leetcode.hash-maps,0.93,0.03
lc1249,fallback,leetcode.stack,0.62,,0.92,0.03
lc1250,fallback,leetcode.math,0.98,,0.86,0.03
lc1252,fallback,leetcode.arrays-strings,0.86,,0.94,0.06
lc1253,fallback,leetcode.greedy,0.87,,0.93,0.05
lc1254,fallback,leetcode.islands,0.98,leetcode.graphs,0.89,0.33
lc1255,fallback,leetcode.subsets,0.83,,0.93,0.03
lc1256,fallback,leetcode.math,0.47,,0.08,0.83
lc1257,fallback,leetcode.hash-maps,0.57,,0.91,0.07
lc1258,fallback,leetcode.backtracking,0.8,leetcode.union-find;leetcode.recursion,0.89,0.03
lc1259,fallback,leetcode.recursion,0.68,leetcode.dp-1d,0.79,0.21
lc1260,fallback,leetcode.arrays-strings,0.84,,0.94,0.08
lc1262,fallback,leetcode.dp-1d,0.62,,0.93,0.03
lc1263,fallback,leetcode.graphs,0.83,,0.9,0.12
lc1267,fallback,leetcode.arrays-strings,0.7,,0.94,0.08
lc1268,fallback,leetcode.trie,0.97,,0.93,0.03
lc1269,fallback,leetcode.recursion,0.64,,0.92,0.04
lc1271,fallback,leetcode.arrays-strings,0.32,,0.95,0.03
lc1272,fallback,leetcode.arrays-strings,0.74,,0.94,0.07
lc1273,fallback,leetcode.tree-dfs,0.95,leetcode.recursion,0.89,0.19
lc1275,fallback,leetcode.arrays-strings,0.86,,0.92,0.09
lc1276,fallback,leetcode.math,0.81,,0.94,0.04
lc1277,fallback,leetcode.dp-grid,0.97,,0.88,0.07
lc1278,fallback,leetcode.dp-intervals,0.9,,0.9,0.03
lc1281,fallback,leetcode.math,0.85,,0.96,0.02
lc1282,fallback,leetcode.hash-maps,0.71,,0.93,0.03
lc1283,core,leetcode.binary-search,0.97,,0.91,0.03
lc1284,fallback,leetcode.graphs,0.59,,0.93,0.22
lc1287,fallback,leetcode.arrays-strings,0.72,,0.91,0.03
lc1288,fallback,leetcode.greedy,0.9,,0.94,0.04
lc1289,fallback,leetcode.dp-grid,0.76,,0.91,0.06
lc1290,fallback,leetcode.math,0.46,,0.88,0.06
lc1291,fallback,leetcode.math,0.22,,0.94,0.03
lc1292,fallback,leetcode.binary-search,0.93,leetcode.prefix-sums,0.89,0.41
lc1293,fallback,leetcode.graphs,0.86,,0.94,0.07
lc1295,fallback,leetcode.arrays-strings,0.76,,0.95,0.03
lc1296,fallback,leetcode.greedy,0.86,leetcode.hash-maps,0.92,0.03
lc1297,fallback,leetcode.hash-maps,0.9,leetcode.arrays-strings,0.95,0.03
lc1298,fallback,leetcode.graphs,0.85,,0.94,0.04
lc1299,fallback,leetcode.arrays-strings,0.78,,0.95,0.03
lc1300,fallback,leetcode.prefix-sums,0.33,,0.92,0.03
lc1301,fallback,leetcode.dp-grid,0.98,,0.89,0.09
lc1302,fallback,leetcode.tree-bfs,0.96,leetcode.binary-trees,0.73,0.13
lc1304,fallback,leetcode.math,0.41,,0.93,0.03
lc1305,fallback,leetcode.two-pointers,0.73,,0.67,0.11
lc1306,fallback,leetcode.graphs,0.94,,0.93,0.04
lc1307,fallback,leetcode.backtracking,0.96,leetcode.recursion,0.8,0.04
lc1309,fallback,leetcode.arrays-strings,0.95,,0.95,0.03
lc1310,fallback,leetcode.prefix-sums,0.94,,0.92,0.03
lc1311,fallback,leetcode.graphs,0.92,,0.91,0.19
lc1312,core,leetcode.recursion,0.55,,0.94,0.03
lc1313,fallback,leetcode.arrays-strings,0.91,,0.95,0.03
lc1316,fallback,leetcode.hash-maps,0.34,,0.92,0.03
lc1317,fallback,leetcode.arrays-strings,0.5,,0.95,0.03
lc1318,fallback,leetcode.bit-manipulation,0.42,,0.9,0.07
lc1319,core,leetcode.union-find,0.98,,0.92,0.09
lc1320,fallback,leetcode.dp-1d,0.13,,0.37,0.42
lc1324,fallback,leetcode.arrays-strings,0.92,,0.92,0.09
lc1325,core,leetcode.recursion,0.94,leetcode.tree-dfs;leetcode.binary-trees,0.78,0.24
lc1326,fallback,leetcode.greedy,0.94,,0.92,0.07
lc1328,fallback,leetcode.greedy,0.88,,0.95,0.03
lc1329,fallback,leetcode.arrays-strings,0.31,,0.92,0.1
lc1330,fallback,leetcode.greedy,0.38,,0.92,0.04
lc1331,fallback,leetcode.binary-search,0.16,,0.93,0.03
lc1332,fallback,leetcode.arrays-strings,0.25,,0.94,0.03
lc1333,fallback,leetcode.arrays-strings,0.23,,0.94,0.03
lc1334,core,leetcode.shortest-paths,0.95,,0.9,0.21
lc1335,fallback,leetcode.dp-intervals,0.49,,0.94,0.04
lc1337,fallback,leetcode.binary-search,0.34,,0.93,0.05
lc1338,fallback,leetcode.greedy,0.93,leetcode.hash-maps,0.94,0.03
lc1339,fallback,leetcode.tree-dfs,0.91,leetcode.recursion,0.77,0.4
lc1340,fallback,leetcode.dp-1d,0.85,leetcode.recursion,0.94,0.1
lc1342,fallback,leetcode.bit-manipulation,0.37,,0.96,0.03
lc1343,fallback,leetcode.sliding-window,0.96,,0.94,0.02
lc1344,fallback,leetcode.math,0.9,,0.89,0.09
lc1345,fallback,leetcode.graphs,0.95,,0.94,0.03
lc1346,fallback,leetcode.hash-maps,0.96,,0.94,0.02
lc1347,fallback,leetcode.hash-maps,0.97,,0.93,0.03
lc1349,fallback,leetcode.bit-manipulation,0.63,,0.88,0.13
lc1351,fallback,leetcode.two-pointers,0.82,,0.93,0.04
lc1354,fallback,leetcode.top-k-elements,0.55,,0.92,0.03
lc1356,fallback,leetcode.bit-manipulation,0.26,,0.93,0.03
lc1358,core,leetcode.hash-maps,0.43,,0.93,0.03
lc1359,fallback,leetcode.math,0.55,,0.92,0.04
lc1360,fallback,leetcode.arrays-strings,0.44,,0.81,0.03
lc1361,fallback,leetcode.union-find,0.95,,0.87,0.11
lc1362,fallback,leetcode.math,0.68,,0.91,0.03
lc1366,fallback,leetcode.hash-maps,0.71,,0.93,0.03
lc1367,fallback,leetcode.tree-dfs,0.87,leetcode.recursion,0.83,0.35
lc1368,fallback,leetcode.graphs,0.53,,0.92,0.08
lc1370,fallback,leetcode.hash-maps,0.76,,0.94,0.03
lc1371,fallback,leetcode.bit-manipulation,0.92,leetcode.prefix-sums;leetcode.hash-maps,0.94,0.03
lc1372,fallback,leetcode.tree-dfs,0.95,leetcode.recursion,0.82,0.33
lc1373,core,leetcode.tree-dfs,0.9,leetcode.recursion;leetcode.bst,0.79,0.17
lc1374,fallback,leetcode.math,0.46,,0.95,0.02
lc1375,fallback,leetcode.arrays-strings,0.76,,0.93,0.04
lc1377,fallback,leetcode.graphs,0.82,leetcode.tree-bfs,0.88,0.3
lc1379,fallback,leetcode.tree-dfs,0.88,leetcode.binary-trees;leetcode.recursion;leetcode.graphs,0.74,0.45
lc1380,fallback,leetcode.hash-maps,0.57,,0.95,0.03
lc1383,fallback,leetcode.greedy,0.88,leetcode.top-k-elements,0.93,0.03
lc1385,fallback,leetcode.binary-search,0.33,,0.94,0.03
lc1386,fallback,leetcode.bit-manipulation,0.5,,0.49,0.69
lc1387,fallback,leetcode.sorting-algorithms,0.16,,0.95,0.03
lc1388,fallback,leetcode.dp-1d,0.9,,0.9,0.13
lc1389,fallback,leetcode.arrays-strings,0.87,,0.96,0.03
lc1390,fallback,leetcode.math,0.9,,0.92,0.02
lc1391,fallback,leetcode.union-find,0.95,,0.92,0.34
lc1392,core,leetcode.arrays-strings,0.65,,0.94,0.03
lc1395,fallback,leetcode.arrays-strings,0.66,,0.95,0.03
lc1397,fallback,leetcode.recursion,0.5,,0.92,0.03
lc1399,fallback,leetcode.hash-maps,0.95,,0.94,0.03
lc1400,fallback,leetcode.hash-maps,0.86,,0.82,0.03
lc1401,fallback,leetcode.math,0.28,,0.91,0.11
lc1402,fallback,leetcode.greedy,0.91,,0.93,0.03
lc1403,fallback,leetcode.greedy,0.96,,0.93,0.03
lc1404,fallback,leetcode.arrays-strings,0.62,,0.94,0.03
lc1405,core,leetcode.greedy,0.88,leetcode.top-k-elements,0.94,0.03
lc1406,core,leetcode.dp-1d,0.88,leetcode.recursion,0.93,0.04
lc1408,fallback,leetcode.arrays-strings,0.74,,0.95,0.02
lc1409,fallback,leetcode.arrays-strings,0.84,,0.96,0.04
lc1410,fallback,leetcode.arrays-strings,0.85,leetcode.hash-maps,0.92,0.03
lc1411,fallback,leetcode.dp-1d,0.6,,0.87,0.29
lc1413,fallback,leetcode.prefix-sums,0.84,,0.94,0.04
lc1414,fallback,leetcode.greedy,0.94,,0.92,0.03
lc1415,fallback,leetcode.backtracking,0.97,leetcode.recursion;leetcode.tree-dfs;leetcode.subsets,0.93,0.03
lc1416,fallback,leetcode.dp-1d,0.97,,0.91,0.03
lc1420,fallback,leetcode.dp-1d,0.13,,0.23,0.1
lc1422,fallback,leetcode.prefix-sums,0.67,leetcode.arrays-strings,0.95,0.03
lc1423,core,leetcode.sliding-window,0.75,,0.94,0.05
lc1424,fallback,leetcode.arrays-strings,0.2,,0.33,0.64
lc1425,fallback,leetcode.dp-1d,0.81,,0.93,0.03
lc1426,fallback,leetcode.hash-maps,0.97,,0.94,0.02
lc1427,fallback,leetcode.math,0.59,,0.95,0.03
lc1431,fallback,leetcode.arrays-strings,0.74,,0.96,0.03
lc1432,fallback,leetcode.greedy,0.85,,0.93,0.03
lc1433,fallback,leetcode.greedy,0.88,,0.94,0.03
lc1434,fallback,leetcode.bit-manipulation,0.56,,0.91,0.03
lc1436,fallback,leetcode.hash-maps,0.94,,0.94,0.04
lc1437,fallback,leetcode.arrays-strings,0.93,,0.92,0.05
lc1439,fallback,leetcode.subsets,0.26,,0.86,0.03
lc1441,fallback,leetcode.arrays-strings,0.86,,0.94,0.05
lc1442,fallback,leetcode.bit-manipulation,0.85,,0.91,0.03
lc1444,fallback,leetcode.recursion,0.69,leetcode.dp-grid,0.89,0.36
lc1446,fallback,leetcode.arrays-strings,0.95,,0.95,0.03
lc1447,fallback,leetcode.math,0.93,,0.84,0.03
lc1448,core,leetcode.tree-dfs,0.96,leetcode.recursion;leetcode.binary-trees,0.79,0.25
lc1449,fallback,leetcode.dp-1d,0.52,,0.91,0.05
lc1450,fallback,leetcode.arrays-strings,0.9,,0.96,0.03
lc1451,fallback,leetcode.sorting-algorithms,0.3,,0.92,0.03
lc1452,fallback,leetcode.hash-maps,0.37,,0.93,0.03
lc1453,fallback,leetcode.arrays-strings,0.06,,0.72,0.13
lc1455,fallback,leetcode.arrays-strings,0.79,,0.96,0.02
lc1456,fallback,leetcode.sliding-window,0.98,,0.95,0.02
lc1458,fallback,leetcode.dp-grid,0.82,leetcode.dp-strings,0.93,0.03
lc1460,fallback,leetcode.hash-maps,0.14,,0.95,0.03
lc1461,fallback,leetcode.hash-maps,0.86,,0.94,0.03
lc1462,core,leetcode.graphs,0.9,,0.94,0.06
lc1463,fallback,leetcode.dp-grid,0.75,,0.91,0.23
lc1464,fallback,leetcode.arrays-strings,0.85,,0.96,0.02
lc1465,fallback,leetcode.greedy,0.61,,0.89,0.33
lc1466,fallback,leetcode.tree-dfs,0.9,leetcode.graphs,0.89,0.35
lc1467,fallback,leetcode.recursion,0.75,,0.88,0.06
lc1469,fallback,leetcode.binary-trees,0.85,leetcode.recursion;leetcode.tree-dfs,0.87,0.26
lc1470,fallback,leetcode.arrays-strings,0.58,,0.94,0.04
lc1471,fallback,leetcode.sorting-algorithms,0.28,,0.94,0.03
lc1473,fallback,leetcode.dp-1d,0.33,,0.91,0.04
lc1474,fallback,leetcode.linked-lists,0.97,,0.85,0.17
lc1475,fallback,leetcode.monotonic-stack,0.95,leetcode.stack,0.95,0.03
lc1477,fallback,leetcode.prefix-sums,0.89,leetcode.dp-1d,0.9,0.03
lc1478,fallback,leetcode.dp-intervals,0.8,leetcode.dp-1d,0.88,0.05
lc1480,fallback,leetcode.prefix-sums,0.94,,0.95,0.03
lc1481,fallback,leetcode.greedy,0.91,,0.93,0.03
lc1482,core,leetcode.binary-search,0.97,,0.93,0.05
lc1485,fallback,leetcode.hash-maps,0.73,leetcode.graphs,0.58,0.17
lc1486,fallback,leetcode.bit-manipulation,0.71,leetcode.arrays-strings,0.95,0.03
lc1487,fallback,leetcode.hash-maps,0.88,,0.93,0.03
lc1489,core,leetcode.mst,0.97,leetcode.union-find,0.89,0.41
lc1491,fallback,leetcode.arrays-strings,0.59,,0.94,0.02
lc1492,fallback,leetcode.arrays-strings,0.35,,0.96,0.03
lc1493,fallback,leetcode.dp-1d,0.5,,0.93,0.03
lc1494,fallback,leetcode.bit-manipulation,0.74,,0.89,0.27
lc1496,fallback,leetcode.hash-maps,0.95,,0.95,0.07
lc1497,fallback,leetcode.hash-maps,0.96,leetcode.math,0.92,0.03
lc1498,fallback,leetcode.two-pointers,0.26,,0.87,0.03
lc1499,fallback,leetcode.top-k-elements,0.38,,0.93,0.05
lc1502,fallback,leetcode.arrays-strings,0.2,,0.94,0.03
lc1503,fallback,leetcode.arrays-strings,0.44,,0.91,0.38
lc1504,fallback,leetcode.dp-grid,0.57,,0.89,0.07
lc1505,fallback,leetcode.greedy,0.84,,0.88,0.3
lc1507,fallback,leetcode.arrays-strings,0.54,,0.93,0.03
lc1508,fallback,leetcode.arrays-strings,0.47,,0.93,0.03
lc1509,fallback,leetcode.greedy,0.8,,0.94,0.03
lc1510,fallback,leetcode.dp-1d,0.81,leetcode.recursion,0.94,0.03
lc1512,fallback,leetcode.hash-maps,0.97,,0.95,0.03
lc1513,fallback,leetcode.arrays-strings,0.84,,0.94,0.03
lc1514,fallback,leetcode.shortest-paths,0.92,,0.92,0.05
lc1515,fallback,leetcode.arrays-strings,0.06,,0.89,0.28
lc1518,fallback,leetcode.math,0.18,,0.94,0.04
lc1519,fallback,leetcode.tree-dfs,0.92,leetcode.recursion,0.91,0.11
lc1520,core,leetcode.greedy,0.9,,0.92,0.04
lc1523,fallback,leetcode.math,0.93,,0.94,0.03
lc1524,fallback,leetcode.prefix-sums,0.92,,0.9,0.03
lc1525,fallback,leetcode.hash-maps,0.93,leetcode.arrays-strings,0.95,0.03
lc1526,fallback,leetcode.greedy,0.77,,0.93,0.04
lc1528,fallback,leetcode.arrays-strings,0.91,,0.94,0.19
lc1529,fallback,leetcode.greedy,0.79,,0.93,0.04
lc1530,fallback,leetcode.tree-dfs,0.89,leetcode.recursion,0.77,0.19
lc1531,fallback,leetcode.dp-1d,0.81,,0.91,0.03
lc1534,fallback,leetcode.arrays-strings,0.79,,0.96,0.03
lc1535,fallback,leetcode.arrays-strings,0.92,,0.94,0.04
lc1536,fallback,leetcode.greedy,0.9,,0.89,0.12
lc1537,fallback,leetcode.two-pointers,0.86,,0.74,0.35
lc1539,core,leetcode.binary-search,0.93,,0.91,0.03
lc1541,fallback,leetcode.greedy,0.71,leetcode.arrays-strings,0.94,0.03
lc1542,fallback,leetcode.bit-manipulation,0.94,leetcode.hash-maps,0.87,0.03
lc1544,fallback,leetcode.stack,0.94,,0.94,0.03
lc1545,fallback,leetcode.recursion,0.94,,0.92,0.04
lc1546,fallback,leetcode.prefix-sums,0.89,leetcode.hash-maps;leetcode.greedy,0.91,0.03
lc1547,fallback,leetcode.dp-intervals,0.98,,0.86,0.45
lc1548,fallback,leetcode.dp-grid,0.35,,0.91,0.1
lc1550,fallback,leetcode.arrays-strings,0.95,,0.95,0.03
lc1551,fallback,leetcode.math,0.79,,0.94,0.03
lc1552,fallback,leetcode.binary-search,0.96,,0.91,0.05
lc1553,fallback,leetcode.recursion,0.81,leetcode.dp-1d,0.94,0.03
lc1554,fallback,leetcode.hash-maps,0.93,,0.92,0.03
lc1556,fallback,leetcode.arrays-strings,0.82,,0.92,0.03
lc1557,fallback,leetcode.hash-maps,0.74,,0.89,0.07
lc1558,fallback,leetcode.bit-manipulation,0.62,,0.15,0.17
lc1559,fallback,leetcode.graphs,0.93,leetcode.islands,0.9,0.27
lc1560,fallback,leetcode.math,0.38,,0.76,0.42
lc1561,fallback,leetcode.greedy,0.93,,0.94,0.03
lc1562,fallback,leetcode.union-find,0.96,,0.92,0.05
lc1563,fallback,leetcode.dp-intervals,0.94,leetcode.recursion,0.92,0.05
lc1564,fallback,leetcode.greedy,0.93,leetcode.two-pointers,0.92,0.23
lc1566,fallback,leetcode.arrays-strings,0.91,,0.93,0.04
lc1567,fallback,leetcode.dp-1d,0.88,,0.93,0.03
lc1568,fallback,leetcode.islands,0.93,leetcode.graphs,0.92,0.1
lc1569,fallback,leetcode.recursion,0.79,,0.85,0.1
lc1572,fallback,leetcode.arrays-strings,0.94,,0.95,0.07
lc1573,fallback,leetcode.arrays-strings,0.47,,0.93,0.03
lc1574,fallback,leetcode.two-pointers,0.55,,0.92,0.03
lc1575,fallback,leetcode.recursion,0.7,,0.93,0.04
lc1576,fallback,leetcode.arrays-strings,0.92,,0.95,0.03
lc1577,fallback,leetcode.hash-maps,0.93,,0.94,0.03
lc1578,fallback,leetcode.greedy,0.9,,0.93,0.2
lc1579,fallback,leetcode.union-find,0.98,,0.91,0.08
lc1580,fallback,leetcode.greedy,0.9,,0.91,0.24
lc1582,fallback,leetcode.arrays-strings,0.77,,0.95,0.05
lc1583,fallback,leetcode.arrays-strings,0.78,,0.94,0.05
lc1584,core,leetcode.mst,0.98,leetcode.greedy,0.88,0.34
lc1585,fallback,leetcode.greedy,0.68,,0.94,0.08
lc1604,fallback,leetcode.arrays-strings,0.31,,0.93,0.03
lc1605,fallback,leetcode.greedy,0.9,,0.94,0.05
lc1608,fallback,leetcode.arrays-strings,0.74,,0.95,0.03
lc1609,fallback,leetcode.tree-bfs,0.97,,0.84,0.07
lc1610,fallback,leetcode.sliding-window,0.66,,0.84,0.32
lc1611,fallback,leetcode.bit-manipulation,0.9,,0.91,0.04
lc1615,fallback,leetcode.hash-maps,0.51,,0.95,0.07
lc1616,fallback,leetcode.two-pointers,0.93,,0.94,0.03
lc1617,fallback,leetcode.subsets,0.65,leetcode.bit-manipulation,0.89,0.11
lc1619,fallback,leetcode.sorting-algorithms,0.19,,0.91,0.03
lc1620,fallback,leetcode.arrays-strings,0.65,,0.89,0.05
lc1621,fallback,leetcode.dp-1d,0.89,,0.9,0.34
lc1624,fallback,leetcode.hash-maps,0.92,,0.95,0.03
lc1625,fallback,leetcode.graphs,0.87,,0.94,0.03
lc1626,fallback,leetcode.dp-lis,0.79,leetcode.dp-1d,0.93,0.03
lc1627,fallback,leetcode.union-find,0.97,,0.89,0.09
lc1629,fallback,leetcode.arrays-strings,0.95,,0.95,0.04
lc1630,fallback,leetcode.hash-maps,0.68,,0.94,0.03
lc1631,core,leetcode.union-find,0.93,leetcode.mst,0.92,0.06
lc1632,fallback,leetcode.union-find,0.89,,0.87,0.05
lc1636,fallback,leetcode.hash-maps,0.72,,0.95,0.02
lc1637,fallback,leetcode.greedy,0.45,,0.91,0.24
lc1638,fallback,leetcode.arrays-strings,0.78,,0.9,0.24
lc1639,fallback,leetcode.recursion,0.58,,0.93,0.04
lc1640,fallback,leetcode.arrays-strings,0.83,,0.95,0.03
lc1641,fallback,leetcode.recursion,0.83,,0.95,0.03
lc1642,fallback,leetcode.top-k-elements,0.92,leetcode.greedy,0.94,0.05
lc1643,fallback,leetcode.math,0.36,,0.82,0.06
lc1644,fallback,leetcode.tree-dfs,0.97,leetcode.recursion,0.77,0.17
lc1646,fallback,leetcode.arrays-strings,0.86,leetcode.dp-1d,0.96,0.03
lc1647,fallback,leetcode.greedy,0.93,,0.94,0.02
lc1648,fallback,leetcode.greedy,0.88,,0.87,0.04
lc1649,fallback,leetcode.ordered-set,0.32,,0.91,0.03
lc1652,fallback,leetcode.arrays-strings,0.83,,0.95,0.05
lc1653,fallback,leetcode.dp-1d,0.94,,0.94,0.03
lc1654,fallback,leetcode.graphs,0.93,,0.92,0.04
lc1655,fallback,leetcode.bit-manipulation,0.42,,0.93,0.03
lc1657,fallback,leetcode.hash-maps,0.93,,0.95,0.03
lc1658,fallback,leetcode.prefix-sums,0.93,leetcode.hash-maps,0.94,0.03
lc1659,fallback,leetcode.recursion,0.67,,0.91,0.2
lc1662,fallback,leetcode.arrays-strings,0.23,,0.96,0.03
lc1663,fallback,leetcode.greedy,0.91,,0.95,0.03
lc1664,fallback,leetcode.prefix-sums,0.9,,0.94,0.03
lc1665,fallback,leetcode.greedy,0.96,,0.93,0.03
lc1668,fallback,leetcode.arrays-strings,0.46,,0.94,0.03
lc1669,fallback,leetcode.linked-lists,0.97,,0.75,0.38
lc1671,fallback,leetcode.dp-lis,0.9,,0.93,0.05
lc1672,fallback,leetcode.arrays-strings,0.77,,0.95,0.03
lc1674,fallback,leetcode.prefix-sums,0.88,,0.92,0.03
lc1675,fallback,leetcode.greedy,0.49,,0.93,0.03
lc1678,fallback,leetcode.arrays-strings,0.28,,0.96,0.03
lc1679,fallback,leetcode.two-pointers,0.97,,0.93,0.03
lc1680,fallback,leetcode.math,0.33,,0.92,0.03
lc1681,fallback,leetcode.bit-manipulation,0.48,,0.93,0.03
lc1682,fallback,leetcode.recursion,0.67,,0.92,0.03
lc1684,fallback,leetcode.hash-maps,0.83,,0.95,0.02
lc1685,fallback,leetcode.prefix-sums,0.88,,0.94,0.03
lc1686,fallback,leetcode.greedy,0.91,,0.92,0.03
lc1687,fallback,leetcode.dp-1d,0.89,,0.92,0.05
lc1688,fallback,leetcode.math,0.66,,0.95,0.04
lc1689,fallback,leetcode.greedy,0.69,,0.93,0.03
lc1690,fallback,leetcode.recursion,0.55,,0.93,0.04
lc1691,fallback,leetcode.dp-lis,0.85,,0.92,0.09
lc1692,fallback,leetcode.dp-grid,0.47,,0.93,0.06
lc1694,fallback,leetcode.arrays-strings,0.9,,0.95,0.03
lc1695,fallback,leetcode.sliding-window,0.88,,0.93,0.03
lc1696,fallback,leetcode.dp-1d,0.84,,0.93,0.05
lc1697,fallback,leetcode.union-find,0.97,,0.93,0.22
lc1698,fallback,leetcode.hash-maps,0.67,,0.94,0.03
lc1700,fallback,leetcode.hash-maps,0.88,leetcode.arrays-strings,0.95,0.04
lc1701,fallback,leetcode.arrays-strings,0.9,,0.95,0.03
lc1702,fallback,leetcode.greedy,0.72,,0.93,0.03
lc1703,fallback,leetcode.prefix-sums,0.64,,0.91,0.04
lc1704,fallback,leetcode.arrays-strings,0.92,,0.96,0.03
lc1705,fallback,leetcode.greedy,0.86,,0.91,0.03
lc1706,fallback,leetcode.recursion,0.69,leetcode.arrays-strings,0.92,0.43
lc1707,core,leetcode.trie,0.91,,0.92,0.03
lc1708,fallback,leetcode.greedy,0.77,,0.93,0.03
lc1710,fallback,leetcode.greedy,0.98,,0.94,0.03
lc1711,fallback,leetcode.hash-maps,0.94,,0.91,0.03
lc1712,fallback,leetcode.prefix-sums,0.7,,0.93,0.03
lc1713,fallback,leetcode.dp-lis,0.86,,0.92,0.05
lc1714,fallback,leetcode.dp-1d,0.33,,0.93,0.03
lc1716,fallback,leetcode.math,0.93,,0.95,0.04
lc1717,fallback,leetcode.greedy,0.82,,0.94,0.08
lc1718,fallback,leetcode.backtracking,0.98,leetcode.recursion,0.92,0.04
lc1719,fallback,leetcode.greedy,0.27,,0.9,0.27
lc1720,fallback,leetcode.bit-manipulation,0.92,,0.92,0.03
lc1721,fallback,leetcode.linked-lists,0.7,leetcode.two-pointers;leetcode.fast-slow-pointers,0.83,0.06
lc1722,fallback,leetcode.union-find,0.95,,0.94,0.03
lc1723,fallback,leetcode.backtracking,0.95,leetcode.recursion,0.93,0.03
lc1725,fallback,leetcode.arrays-strings,0.89,,0.95,0.07
lc1726,fallback,leetcode.hash-maps,0.96,,0.9,0.03
lc1727,fallback,leetcode.greedy,0.63,,0.91,0.4
lc1728,fallback,leetcode.topological-sort,0.66,,0.8,0.12
lc1730,fallback,leetcode.graphs,0.89,,0.92,0.08
lc1732,fallback,leetcode.prefix-sums,0.91,,0.95,0.04
lc1733,fallback,leetcode.hash-maps,0.77,,0.92,0.05
lc1734,fallback,leetcode.bit-manipulation,0.95,,0.9,0.03
lc1736,fallback,leetcode.greedy,0.78,,0.93,0.03
lc1737,fallback,leetcode.prefix-sums,0.45,,0.94,0.03
lc1738,fallback,leetcode.prefix-sums,0.82,,0.92,0.06
lc1739,fallback,leetcode.math,0.47,,0.71,0.55
lc1740,fallback,leetcode.tree-dfs,0.93,leetcode.recursion,0.76,0.12
lc1742,fallback,leetcode.hash-maps,0.68,,0.95,0.04
lc1743,fallback,leetcode.hash-maps,0.43,,0.93,0.04
lc1744,fallback,leetcode.prefix-sums,0.92,,0.93,0.04
lc1745,fallback,leetcode.dp-intervals,0.72,,0.94,0.03
lc1746,fallback,leetcode.dp-1d,0.88,,0.92,0.03
lc1748,fallback,leetcode.hash-maps,0.97,,0.95,0.02
lc1749,fallback,leetcode.dp-1d,0.53,,0.92,0.03
lc1750,fallback,leetcode.two-pointers,0.97,leetcode.arrays-strings,0.95,0.03
lc1751,fallback,leetcode.recursion,0.52,,0.93,0.3
lc1752,core,leetcode.arrays-strings,0.89,,0.93,0.04
lc1753,fallback,leetcode.greedy,0.88,,0.95,0.03
lc1758,fallback,leetcode.arrays-strings,0.84,,0.95,0.03
lc1759,fallback,leetcode.arrays-strings,0.85,,0.94,0.03
lc1760,fallback,leetcode.binary-search,0.97,,0.94,0.04
lc1761,fallback,leetcode.hash-maps,0.19,,0.91,0.25
lc1762,fallback,leetcode.arrays-strings,0.54,,0.95,0.06
lc1763,fallback,leetcode.arrays-strings,0.82,,0.95,0.03
lc1764,fallback,leetcode.greedy,0.71,leetcode.arrays-strings,0.92,0.03
lc1765,fallback,leetcode.graphs,0.82,leetcode.islands,0.94,0.21
lc1766,fallback,leetcode.tree-dfs,0.91,,0.92,0.21
lc1768,core,leetcode.arrays-strings,0.71,,0.96,0.05
lc1769,fallback,leetcode.prefix-sums,0.82,,0.95,0.04
lc1770,fallback,leetcode.recursion,0.55,,0.93,0.03
lc1771,fallback,leetcode.dp-grid,0.45,,0.94,0.03
lc1772,fallback,leetcode.hash-maps,0.92,,0.95,0.02
lc1773,fallback,leetcode.arrays-strings,0.92,,0.96,0.02
lc1774,fallback,leetcode.subsets,0.78,leetcode.recursion,0.91,0.03
lc1775,fallback,leetcode.greedy,0.95,,0.94,0.03
lc1776,fallback,leetcode.stack,0.82,leetcode.monotonic-stack,0.92,0.06
lc1779,fallback,leetcode.arrays-strings,0.93,,0.96,0.05
lc1780,fallback,leetcode.math,0.92,,0.9,0.03
lc1781,fallback,leetcode.arrays-strings,0.88,leetcode.hash-maps,0.91,0.03
lc1782,fallback,leetcode.ordered-set,0.32,,0.9,0.26
lc1784,fallback,leetcode.arrays-strings,0.25,,0.95,0.03
lc1785,fallback,leetcode.greedy,0.72,,0.93,0.03
lc1786,fallback,leetcode.shortest-paths,0.42,,0.91,0.35
lc1787,fallback,leetcode.bit-manipulation,0.45,,0.89,0.04
lc1788,fallback,leetcode.prefix-sums,0.83,leetcode.hash-maps,0.93,0.04
lc1790,fallback,leetcode.arrays-strings,0.88,,0.95,0.03
lc1791,fallback,leetcode.hash-maps,0.23,,0.92,0.19
lc1792,fallback,leetcode.greedy,0.91,leetcode.top-k-elements,0.93,0.03
lc1793,fallback,leetcode.monotonic-stack,0.95,leetcode.stack,0.94,0.03
lc1794,fallback,leetcode.hash-maps,0.91,,0.88,0.04
lc1796,fallback,leetcode.arrays-strings,0.85,,0.95,0.03
lc1798,fallback,leetcode.greedy,0.95,,0.93,0.03
lc1800,fallback,leetcode.arrays-strings,0.91,,0.95,0.03
lc1801,fallback,leetcode.two-heaps,0.56,,0.89,0.04
lc1802,fallback,leetcode.binary-search,0.95,,0.94,0.04
lc1803,fallback,leetcode.trie,0.89,,0.93,0.04
lc1805,fallback,leetcode.arrays-strings,0.84,leetcode.hash-maps,0.95,0.03
lc1806,fallback,leetcode.math,0.52,,0.93,0.05
lc1807,fallback,leetcode.arrays-strings,0.81,leetcode.hash-maps,0.94,0.03
lc1808,fallback,leetcode.math,0.95,,0.82,0.03
lc1812,fallback,leetcode.math,0.85,,0.72,0.64
lc1813,fallback,leetcode.two-pointers,0.89,leetcode.arrays-strings,0.95,0.03
lc1814,fallback,leetcode.hash-maps,0.97,,0.94,0.02
lc1815,fallback,leetcode.recursion,0.59,,0.91,0.05
lc1816,fallback,leetcode.arrays-strings,0.48,,0.96,0.02
lc1817,fallback,leetcode.hash-maps,0.94,,0.95,0.03
lc1818,fallback,leetcode.ordered-set,0.48,,0.92,0.03
lc1819,fallback,leetcode.math,0.93,,0.87,0.27
lc1820,fallback,leetcode.graphs,0.51,,0.93,0.04
lc1822,fallback,leetcode.arrays-strings,0.82,,0.95,0.03
lc1823,fallback,leetcode.recursion,0.91,leetcode.math,0.94,0.06
lc1824,fallback,leetcode.dp-1d,0.66,,0.92,0.29
lc1826,fallback,leetcode.arrays-strings,0.82,,0.91,0.04
lc1827,fallback,leetcode.greedy,0.9,,0.95,0.03
lc1828,fallback,leetcode.arrays-strings,0.76,,0.95,0.25
lc1829,fallback,leetcode.bit-manipulation,0.96,,0.91,0.03
lc1832,fallback,leetcode.hash-maps,0.82,,0.95,0.02
lc1833,fallback,leetcode.greedy,0.94,,0.9,0.03
lc1834,core,leetcode.top-k-elements,0.71,,0.93,0.04
lc1835,fallback,leetcode.bit-manipulation,0.92,,0.92,0.03
lc1836,fallback,leetcode.hash-maps,0.96,leetcode.linked-lists,0.84,0.05
lc1837,fallback,leetcode.math,0.9,,0.95,0.03
lc1838,core,leetcode.binary-search,0.91,,0.93,0.03
lc1839,fallback,leetcode.arrays-strings,0.74,,0.94,0.03
lc1840,fallback,leetcode.arrays-strings,0.34,,0.91,0.22
lc1842,fallback,leetcode.two-pointers,0.32,,0.89,0.03
lc1844,fallback,leetcode.arrays-strings,0.96,,0.95,0.03
lc1848,fallback,leetcode.arrays-strings,0.92,,0.95,0.03
lc1849,fallback,leetcode.backtracking,0.95,leetcode.recursion;leetcode.tree-dfs,0.92,0.03
lc1850,fallback,leetcode.arrays-strings,0.27,,0.83,0.06
lc1851,core,leetcode.top-k-elements,0.43,,0.94,0.04
lc1852,fallback,leetcode.sliding-window,0.96,leetcode.hash-maps,0.94,0.03
lc1858,fallback,leetcode.trie,0.95,,0.94,0.03
lc1859,fallback,leetcode.arrays-strings,0.74,,0.95,0.03
lc1860,fallback,leetcode.arrays-strings,0.27,,0.95,0.03
lc1861,fallback,leetcode.arrays-strings,0.75,,0.91,0.21
lc1862,fallback,leetcode.prefix-sums,0.56,,0.92,0.03
lc1863,core,leetcode.subsets,0.84,leetcode.bit-manipulation,0.94,0.03
lc1866,fallback,leetcode.dp-grid,0.51,,0.93,0.06
lc1871,core,leetcode.dp-1d,0.9,leetcode.prefix-sums,0.94,0.04
lc1872,fallback,leetcode.dp-1d,0.87,,0.92,0.04
lc1874,fallback,leetcode.greedy,0.95,,0.94,0.03
lc1876,fallback,leetcode.sliding-window,0.92,leetcode.two-pointers,0.95,0.03
lc1877,fallback,leetcode.greedy,0.93,leetcode.two-pointers,0.94,0.03
lc1878,fallback,leetcode.arrays-strings,0.84,,0.69,0.66
lc1879,fallback,leetcode.bit-manipulation,0.48,,0.93,0.03
lc1880,fallback,leetcode.arrays-strings,0.84,,0.96,0.03
lc1881,fallback,leetcode.greedy,0.93,,0.93,0.03
lc1882,fallback,leetcode.top-k-elements,0.56,,0.93,0.04
lc1883,fallback,leetcode.dp-grid,0.55,,0.92,0.04
lc1884,fallback,leetcode.dp-1d,0.79,,0.93,0.04
lc1885,fallback,leetcode.two-pointers,0.95,,0.94,0.03
lc1886,fallback,leetcode.arrays-strings,0.76,,0.89,0.11
lc1887,fallback,leetcode.greedy,0.51,,0.93,0.03
lc1888,fallback,leetcode.sliding-window,0.66,,0.93,0.03
lc1889,fallback,leetcode.ordered-set,0.27,,0.93,0.04
lc1891,fallback,leetcode.binary-search,0.97,,0.93,0.04
lc1893,fallback,leetcode.prefix-sums,0.85,,0.95,0.03
lc1894,fallback,leetcode.arrays-strings,0.51,,0.95,0.03
lc1895,fallback,leetcode.prefix-sums,0.87,,0.92,0.09
lc1896,fallback,leetcode.stack,0.87,,0.88,0.03
lc1897,fallback,leetcode.hash-maps,0.96,,0.94,0.03
lc1898,fallback,leetcode.binary-search,0.96,,0.94,0.03
lc1899,core,leetcode.greedy,0.74,,0.95,0.03
lc1900,fallback,leetcode.recursion,0.7,,0.87,0.07
lc1901,core,leetcode.binary-search,0.58,,0.91,0.08
lc1902,fallback,leetcode.ordered-set,0.86,,0.91,0.09
lc1903,core,leetcode.arrays-strings,0.71,,0.95,0.03
lc1904,fallback,leetcode.math,0.6,,0.94,0.04
lc1905,fallback,leetcode.islands,0.97,leetcode.graphs,0.91,0.28
lc1906,fallback,leetcode.prefix-sums,0.77,,0.94,0.03
lc1908,fallback,leetcode.recursion,0.68,,0.94,0.03
lc1909,fallback,leetcode.arrays-strings,0.81,,0.95,0.03
lc1910,fallback,leetcode.arrays-strings,0.62,,0.95,0.03
lc1911,fallback,leetcode.dp-1d,0.91,,0.92,0.05
lc1913,fallback,leetcode.greedy,0.84,,0.94,0.03
lc1914,fallback,leetcode.arrays-strings,0.82,,0.6,0.69
lc1915,fallback,leetcode.bit-manipulation,0.93,leetcode.hash-maps;leetcode.prefix-sums,0.93,0.06
lc1916,fallback,leetcode.recursion,0.65,leetcode.tree-dfs,0.84,0.08
lc1918,fallback,leetcode.binary-search,0.94,,0.93,0.03
lc1920,fallback,leetcode.arrays-strings,0.91,,0.96,0.03
lc1923,fallback,leetcode.binary-search,0.87,,0.88,0.04
lc1924,fallback,leetcode.recursion,0.81,,0.79,0.12
lc1925,fallback,leetcode.arrays-strings,0.19,,0.94,0.03
lc1926,fallback,leetcode.graphs,0.85,,0.95,0.06
lc1927,fallback,leetcode.math,0.69,,0.92,0.03
lc1928,fallback,leetcode.shortest-paths,0.36,,0.92,0.06
lc1929,core,leetcode.arrays-strings,0.44,,0.95,0.03
lc1930,fallback,leetcode.arrays-strings,0.52,,0.93,0.03
lc1931,fallback,leetcode.dp-1d,0.31,,0.89,0.2
lc1933,fallback,leetcode.arrays-strings,0.91,,0.94,0.03
lc1935,fallback,leetcode.hash-maps,0.79,,0.95,0.03
lc1936,fallback,leetcode.greedy,0.86,,0.93,0.05
lc1937,fallback,leetcode.dp-1d,0.39,,0.94,0.17
lc1938,fallback,leetcode.trie,0.87,leetcode.bit-manipulation,0.92,0.08
lc1940,fallback,leetcode.hash-maps,0.9,,0.91,0.03
lc1941,fallback,leetcode.hash-maps,0.96,,0.95,0.02
lc1942,fallback,leetcode.top-k-elements,0.42,,0.93,0.04
lc1943,fallback,leetcode.prefix-sums,0.76,,0.92,0.08
lc1944,fallback,leetcode.monotonic-stack,0.93,leetcode.stack,0.95,0.07
lc1945,fallback,leetcode.arrays-strings,0.85,,0.96,0.03
lc1946,fallback,leetcode.greedy,0.92,,0.93,0.03
lc1947,fallback,leetcode.backtracking,0.95,leetcode.subsets;leetcode.recursion,0.95,0.03
lc1948,fallback,leetcode.trie,0.88,,0.87,0.24
lc1950,fallback,leetcode.monotonic-stack,0.96,leetcode.stack,0.94,0.03
lc1952,fallback,leetcode.math,0.39,,0.95,0.02
lc1953,fallback,leetcode.greedy,0.73,,0.94,0.04
lc1954,fallback,leetcode.math,0.76,,0.81,0.39
lc1955,fallback,leetcode.dp-1d,0.67,,0.92,0.07
lc1956,fallback,leetcode.top-k-elements,0.69,,0.89,0.09
lc1957,fallback,leetcode.arrays-strings,0.92,,0.95,0.03
lc1958,fallback,leetcode.arrays-strings,0.9,,0.8,0.43
lc1959,fallback,leetcode.dp-intervals,0.75,,0.94,0.04
lc1960,fallback,leetcode.dp-1d,0.18,,0.93,0.03
lc1961,fallback,leetcode.arrays-strings,0.89,,0.94,0.03
lc1962,fallback,leetcode.greedy,0.86,,0.95,0.03
lc1963,fallback,leetcode.greedy,0.68,,0.93,0.03
lc1964,fallback,leetcode.dp-lis,0.71,,0.92,0.04
lc1966,fallback,leetcode.arrays-strings,0.55,,0.89,0.04
lc1967,fallback,leetcode.arrays-strings,0.58,,0.95,0.02
lc1968,fallback,leetcode.greedy,0.63,,0.93,0.03
lc1970,fallback,leetcode.binary-search,0.94,leetcode.islands,0.91,0.24
lc1971,fallback,leetcode.graphs,0.98,,0.92,0.09
lc1974,fallback,leetcode.greedy,0.8,,0.95,0.1
lc1975,fallback,leetcode.greedy,0.79,,0.94,0.06
lc1976,core,leetcode.shortest-paths,0.9,,0.92,0.06
lc1977,fallback,leetcode.dp-grid,0.44,,0.88,0.03
lc1979,fallback,leetcode.math,0.95,,0.91,0.02
lc1980,fallback,leetcode.bit-manipulation,0.68,,0.94,0.03
lc1981,fallback,leetcode.dp-1d,0.43,,0.93,0.03
lc1983,fallback,leetcode.prefix-sums,0.96,leetcode.hash-maps,0.94,0.03
lc1984,fallback,leetcode.greedy,0.63,,0.93,0.03
lc1985,fallback,leetcode.top-k-elements,0.66,,0.93,0.03
lc1987,fallback,leetcode.dp-1d,0.68,,0.91,0.03
lc1989,fallback,leetcode.greedy,0.92,leetcode.two-pointers,0.94,0.04
lc1991,fallback,leetcode.prefix-sums,0.88,,0.96,0.03
lc1992,fallback,leetcode.arrays-strings,0.84,,0.93,0.11
lc1994,fallback,leetcode.bit-manipulation,0.48,,0.9,0.04
lc1995,fallback,leetcode.arrays-strings,0.64,,0.95,0.02
lc1996,fallback,leetcode.greedy,0.71,,0.95,0.03
lc1997,fallback,leetcode.dp-1d,0.92,,0.91,0.04
lc1998,fallback,leetcode.union-find,0.96,,0.87,0.03
lc1999,fallback,leetcode.tree-bfs,0.74,leetcode.graphs,0.91,0.03
lc2000,fallback,leetcode.arrays-strings,0.63,,0.96,0.03
lc2001,fallback,leetcode.hash-maps,0.94,,0.94,0.04
lc2002,fallback,leetcode.bit-manipulation,0.81,,0.94,0.03
lc2003,fallback,leetcode.tree-dfs,0.73,,0.92,0.09
lc2005,fallback,leetcode.math,0.72,,0.79,0.2
lc2006,fallback,leetcode.arrays-strings,0.84,,0.95,0.03
lc2008,fallback,leetcode.dp-1d,0.55,,0.92,0.05
lc2009,fallback,leetcode.ordered-set,0.4,,0.94,0.03
lc2011,fallback,leetcode.arrays-strings,0.91,,0.95,0.03
lc2012,fallback,leetcode.arrays-strings,0.52,,0.96,0.03
lc2014,fallback,leetcode.subsets,0.58,,0.92,0.04
lc2015,fallback,leetcode.prefix-sums,0.52,,0.91,0.09
lc2016,fallback,leetcode.greedy,0.67,leetcode.arrays-strings,0.95,0.03
lc2017,fallback,leetcode.prefix-sums,0.85,,0.92,0.19
lc2018,fallback,leetcode.arrays-strings,0.87,,0.91,0.4
lc2019,fallback,leetcode.dp-intervals,0.95,,0.87,0.16
lc2021,fallback,leetcode.prefix-sums,0.77,,0.93,0.06
lc2022,fallback,leetcode.arrays-strings,0.88,,0.95,0.05
lc2023,fallback,leetcode.arrays-strings,0.86,,0.95,0.02
lc2024,fallback,leetcode.sliding-window,0.9,leetcode.two-pointers,0.94,0.03
lc2025,fallback,leetcode.prefix-sums,0.91,leetcode.hash-maps,0.93,0.03
lc2027,fallback,leetcode.greedy,0.95,,0.96,0.03
lc2028,fallback,leetcode.math,0.52,,0.93,0.03
lc2029,fallback,leetcode.math,0.52,,0.91,0.03
lc2030,fallback,leetcode.monotonic-stack,0.81,leetcode.greedy;leetcode.stack,0.92,0.03
lc2031,fallback,leetcode.prefix-sums,0.46,,0.86,0.03
lc2032,fallback,leetcode.hash-maps,0.79,,0.94,0.03
lc2033,fallback,leetcode.greedy,0.74,,0.94,0.05
lc2035,core,leetcode.subsets,0.59,,0.92,0.04
lc2036,fallback,leetcode.dp-1d,0.87,,0.92,0.03
lc2037,fallback,leetcode.greedy,0.95,,0.94,0.03
lc2038,fallback,leetcode.arrays-strings,0.47,,0.94,0.04
lc2039,fallback,leetcode.graphs,0.79,,0.84,0.09
lc2040,fallback,leetcode.binary-search,0.95,,0.91,0.03
lc2042,fallback,leetcode.arrays-strings,0.91,,0.95,0.03
lc2044,fallback,leetcode.subsets,0.92,leetcode.recursion;leetcode.backtracking,0.94,0.03
lc2045,fallback,leetcode.graphs,0.6,,0.89,0.27
lc2046,fallback,leetcode.linked-lists,0.93,,0.8,0.05
lc2047,fallback,leetcode.arrays-strings,0.93,,0.95,0.03
lc2049,fallback,leetcode.tree-dfs,0.94,leetcode.recursion,0.91,0.14
lc2050,fallback,leetcode.topological-sort,0.94,,0.92,0.27
lc2052,fallback,leetcode.dp-1d,0.96,,0.94,0.06
lc2053,fallback,leetcode.hash-maps,0.97,,0.95,0.02
lc2054,fallback,leetcode.ordered-set,0.29,,0.93,0.21
lc2055,fallback,leetcode.prefix-sums,0.77,,0.94,0.06
lc2057,fallback,leetcode.arrays-strings,0.97,,0.96,0.03
lc2058,fallback,leetcode.linked-lists,0.71,,0.89,0.07
lc2059,fallback,leetcode.graphs,0.94,,0.94,0.03
lc2060,fallback,leetcode.dp-strings,0.86,leetcode.recursion,0.92,0.04
lc2061,fallback,leetcode.graphs,0.59,,0.9,0.22
lc2062,fallback,leetcode.arrays-strings,0.85,,0.94,0.06
lc2063,fallback,leetcode.math,0.46,,0.94,0.03
lc2064,fallback,leetcode.binary-search,0.97,,0.93,0.03
lc2067,fallback,leetcode.sliding-window,0.89,leetcode.hash-maps,0.94,0.03
lc2068,fallback,leetcode.hash-maps,0.97,,0.96,0.02
lc2070,fallback,leetcode.two-pointers,0.72,,0.95,0.03
lc2071,fallback,leetcode.binary-search,0.89,leetcode.greedy,0.93,0.03
lc2073,fallback,leetcode.arrays-strings,0.84,,0.94,0.05
lc2074,fallback,leetcode.in-place-reversal,0.91,leetcode.linked-lists,0.83,0.08
lc2075,fallback,leetcode.arrays-strings,0.93,,0.8,0.71
lc2076,fallback,leetcode.union-find,0.97,,0.95,0.1
lc2077,fallback,leetcode.hash-maps,0.52,,0.88,0.16
lc2078,fallback,leetcode.arrays-strings,0.87,,0.95,0.13
lc2079,fallback,leetcode.arrays-strings,0.95,,0.95,0.05
lc2081,fallback,leetcode.arrays-strings,0.61,,0.91,0.03
lc2083,fallback,leetcode.hash-maps,0.92,,0.95,0.03
lc2085,fallback,leetcode.hash-maps,0.98,,0.95,0.02
lc2086,fallback,leetcode.greedy,0.95,,0.95,0.07
lc2087,fallback,leetcode.greedy,0.75,,0.94,0.06
lc2088,fallback,leetcode.dp-grid,0.95,,0.82,0.48
lc2089,fallback,leetcode.arrays-strings,0.35,,0.95,0.02
lc2090,fallback,leetcode.sliding-window,0.95,,0.95,0.05
lc2091,fallback,leetcode.arrays-strings,0.57,,0.94,0.03
lc2092,fallback,leetcode.graphs,0.88,,0.93,0.04
lc2093,fallback,leetcode.shortest-paths,0.95,,0.91,0.06
lc2094,fallback,leetcode.hash-maps,0.67,,0.94,0.03
lc2095,core,leetcode.fast-slow-pointers,0.97,leetcode.linked-lists,0.83,0.21
lc2096,fallback,leetcode.tree-dfs,0.93,leetcode.recursion,0.84,0.12
lc2097,fallback,leetcode.recursion,0.34,,0.92,0.03
lc2098,fallback,leetcode.greedy,0.89,,0.93,0.03
lc2099,fallback,leetcode.greedy,0.72,,0.94,0.03
lc2100,fallback,leetcode.dp-1d,0.62,,0.95,0.03
lc2101,fallback,leetcode.graphs,0.95,,0.9,0.27
lc2103,fallback,leetcode.arrays-strings,0.62,,0.95,0.06
lc2104,core,leetcode.arrays-strings,0.86,,0.95,0.03
lc2105,fallback,leetcode.arrays-strings,0.9,leetcode.two-pointers,0.93,0.05
lc2106,fallback,leetcode.sliding-window,0.92,leetcode.two-pointers,0.92,0.07
lc2107,fallback,leetcode.sliding-window,0.94,leetcode.hash-maps,0.93,0.04
lc2108,fallback,leetcode.arrays-strings,0.82,,0.95,0.02
lc2109,fallback,leetcode.arrays-strings,0.92,leetcode.two-pointers,0.94,0.14
lc2110,fallback,leetcode.arrays-strings,0.82,,0.95,0.03
lc2111,fallback,leetcode.dp-lis,0.95,,0.9,0.04
lc2113,fallback,leetcode.math,0.57,,0.95,0.05
lc2114,fallback,leetcode.arrays-strings,0.81,,0.94,0.03
lc2115,fallback,leetcode.topological-sort,0.95,,0.91,0.03
lc2116,fallback,leetcode.greedy,0.8,,0.93,0.04
lc2117,fallback,leetcode.math,0.89,,0.76,0.07
lc2119,fallback,leetcode.math,0.91,,0.95,0.03
lc2120,fallback,leetcode.arrays-strings,0.94,,0.95,0.08
lc2121,fallback,leetcode.prefix-sums,0.42,,0.93,0.03
lc2122,fallback,leetcode.two-pointers,0.82,,0.93,0.03
lc2123,fallback,leetcode.graphs,0.2,,0.92,0.08
lc2124,fallback,leetcode.arrays-strings,0.26,,0.96,0.03
lc2125,fallback,leetcode.arrays-strings,0.76,,0.94,0.1
lc2126,fallback,leetcode.greedy,0.96,,0.94,0.03
lc2127,fallback,leetcode.graphs,0.39,,0.85,0.38
lc2128,fallback,leetcode.hash-maps,0.59,,0.93,0.07
lc2129,fallback,leetcode.arrays-strings,0.62,,0.97,0.02
lc2130,fallback,leetcode.arrays-strings,0.58,,0.87,0.06
lc2131,fallback,leetcode.hash-maps,0.94,,0.94,0.03
lc2132,fallback,leetcode.prefix-sums,0.87,,0.9,0.31
lc2133,fallback,leetcode.hash-maps,0.67,,0.94,0.04
lc2134,fallback,leetcode.sliding-window,0.96,,0.92,0.05
lc2135,fallback,leetcode.bit-manipulation,0.89,leetcode.hash-maps,0.94,0.03
lc2136,fallback,leetcode.greedy,0.97,,0.91,0.22
lc2137,fallback,leetcode.binary-search,0.95,,0.92,0.04
lc2138,fallback,leetcode.arrays-strings,0.94,,0.95,0.03
lc2139,fallback,leetcode.greedy,0.75,leetcode.recursion,0.96,0.03
lc2140,fallback,leetcode.dp-1d,0.95,leetcode.recursion,0.95,0.06
lc2141,fallback,leetcode.binary-search,0.95,,0.92,0.05
lc2143,fallback,leetcode.dp-1d,0.56,,0.91,0.03
lc2144,fallback,leetcode.greedy,0.96,,0.95,0.04
lc2145,fallback,leetcode.prefix-sums,0.77,,0.92,0.03
lc2146,fallback,leetcode.graphs,0.74,,0.93,0.08
lc2147,fallback,leetcode.dp-1d,0.87,leetcode.recursion,0.91,0.28
lc2148,fallback,leetcode.arrays-strings,0.62,,0.95,0.02
lc2149,core,leetcode.arrays-strings,0.83,,0.96,0.03
lc2150,fallback,leetcode.hash-maps,0.98,,0.95,0.03
lc2151,fallback,leetcode.bit-manipulation,0.72,leetcode.subsets,0.67,0.05
lc2152,fallback,leetcode.recursion,0.54,,0.9,0.09
lc2154,fallback,leetcode.hash-maps,0.81,,0.96,0.02
lc2155,fallback,leetcode.arrays-strings,0.84,leetcode.prefix-sums,0.94,0.04
lc2156,fallback,leetcode.sliding-window,0.53,,0.93,0.03
lc2157,fallback,leetcode.union-find,0.96,,0.92,0.03
lc2158,fallback,leetcode.recursion,0.15,,0.91,0.09
lc2160,fallback,leetcode.greedy,0.91,,0.93,0.03
lc2161,fallback,leetcode.arrays-strings,0.81,,0.94,0.03
lc2162,fallback,leetcode.arrays-strings,0.34,,0.93,0.06
lc2163,fallback,leetcode.top-k-elements,0.88,leetcode.two-heaps,0.91,0.04
lc2164,fallback,leetcode.arrays-strings,0.16,,0.96,0.03
lc2165,fallback,leetcode.greedy,0.83,,0.92,0.03
lc2167,fallback,leetcode.dp-1d,0.87,,0.95,0.04
lc2168,fallback,leetcode.prefix-sums,0.72,,0.92,0.03
lc2169,fallback,leetcode.math,0.18,,0.96,0.03
lc2170,fallback,leetcode.hash-maps,0.86,leetcode.greedy,0.94,0.03
lc2171,fallback,leetcode.greedy,0.8,,0.94,0.03
lc2172,fallback,leetcode.bit-manipulation,0.3,,0.93,0.04
lc2174,fallback,leetcode.graphs,0.64,,0.92,0.09
lc2176,fallback,leetcode.arrays-strings,0.91,,0.96,0.03
lc2177,fallback,leetcode.math,0.94,,0.94,0.02
lc2178,fallback,leetcode.greedy,0.91,,0.94,0.03
lc2179,fallback,leetcode.ordered-set,0.25,,0.94,0.04
lc2180,fallback,leetcode.arrays-strings,0.45,,0.96,0.02
lc2181,fallback,leetcode.linked-lists,0.89,,0.87,0.19
lc2182,fallback,leetcode.greedy,0.9,,0.94,0.03
lc2183,fallback,leetcode.math,0.93,leetcode.hash-maps,0.94,0.03
lc2184,fallback,leetcode.subsets,0.33,,0.86,0.39
lc2185,fallback,leetcode.arrays-strings,0.77,,0.95,0.03
lc2186,fallback,leetcode.hash-maps,0.97,,0.94,0.03
lc2187,fallback,leetcode.binary-search,0.96,,0.93,0.03
lc2188,fallback,leetcode.dp-1d,0.93,,0.92,0.04
lc2189,fallback,leetcode.recursion,0.76,,0.69,0.68
lc2190,fallback,leetcode.hash-maps,0.95,leetcode.arrays-strings,0.95,0.03
lc2191,fallback,leetcode.sorting-algorithms,0.24,,0.95,0.03
lc2192,fallback,leetcode.graphs,0.92,,0.91,0.19
lc2193,fallback,leetcode.two-pointers,0.82,leetcode.greedy,0.92,0.03
lc2194,fallback,leetcode.arrays-strings,0.79,,0.78,0.17
lc2195,fallback,leetcode.greedy,0.8,,0.92,0.03
lc2196,fallback,leetcode.hash-maps,0.79,,0.79,0.19
lc2197,fallback,leetcode.stack,0.89,,0.91,0.03
lc2198,fallback,leetcode.hash-maps,0.68,,0.93,0.03
lc2200,fallback,leetcode.arrays-strings,0.87,,0.95,0.03
lc2201,fallback,leetcode.hash-maps,0.72,,0.94,0.2
lc2202,fallback,leetcode.greedy,0.63,,0.94,0.04
lc2203,fallback,leetcode.shortest-paths,0.94,,0.9,0.3
lc2204,fallback,leetcode.topological-sort,0.59,,0.92,0.09
lc2206,fallback,leetcode.hash-maps,0.96,,0.95,0.03
lc2207,fallback,leetcode.greedy,0.66,,0.94,0.03
lc2208,fallback,leetcode.greedy,0.92,,0.94,0.03
lc2209,fallback,leetcode.dp-1d,0.65,,0.92,0.23
lc2210,fallback,leetcode.arrays-strings,0.92,,0.94,0.05
lc2211,fallback,leetcode.arrays-strings,0.7,,0.92,0.08
lc2212,fallback,leetcode.subsets,0.76,leetcode.knapsack-dp,0.93,0.2
lc2213,fallback,leetcode.recursion,0.16,,0.89,0.03
lc2214,fallback,leetcode.greedy,0.93,,0.94,0.03
lc2215,fallback,leetcode.hash-maps,0.87,,0.95,0.02
lc2216,fallback,leetcode.greedy,0.89,leetcode.arrays-strings,0.95,0.03
lc2217,fallback,leetcode.math,0.85,,0.92,0.03
lc2218,fallback,leetcode.dp-1d,0.33,,0.91,0.31
lc2219,fallback,leetcode.prefix-sums,0.86,,0.95,0.03
lc2220,core,leetcode.bit-manipulation,0.99,,0.93,0.04
lc2221,fallback,leetcode.arrays-strings,0.85,,0.95,0.19
lc2222,fallback,leetcode.prefix-sums,0.54,,0.94,0.04
lc2223,fallback,leetcode.arrays-strings,0.1,,0.93,0.04
lc2224,fallback,leetcode.greedy,0.92,,0.96,0.03
lc2225,fallback,leetcode.hash-maps,0.96,,0.94,0.03
lc2226,fallback,leetcode.binary-search,0.97,,0.93,0.03
lc2229,fallback,leetcode.hash-maps,0.69,,0.94,0.03
lc2231,fallback,leetcode.greedy,0.82,,0.94,0.03
lc2232,fallback,leetcode.arrays-strings,0.81,,0.89,0.05
lc2233,fallback,leetcode.greedy,0.81,,0.92,0.03
lc2234,fallback,leetcode.greedy,0.5,,0.92,0.03
lc2235,fallback,leetcode.math,0.36,,0.96,0.02
lc2236,fallback,leetcode.binary-trees,0.21,,0.85,0.07
lc2237,fallback,leetcode.prefix-sums,0.89,,0.94,0.05
lc2239,fallback,leetcode.arrays-strings,0.89,,0.96,0.03
lc2240,fallback,leetcode.math,0.11,,0.94,0.03
lc2242,fallback,leetcode.top-k-elements,0.49,,0.93,0.2
lc2243,fallback,leetcode.arrays-strings,0.95,,0.95,0.04
lc2244,fallback,leetcode.greedy,0.72,leetcode.hash-maps,0.95,0.03
lc2245,fallback,leetcode.prefix-sums,0.95,,0.88,0.44
lc2246,fallback,leetcode.tree-dfs,0.96,leetcode.recursion;leetcode.graphs,0.91,0.11
lc2247,fallback,leetcode.bit-manipulation,0.62,,0.92,0.05
lc2248,fallback,leetcode.hash-maps,0.82,,0.93,0.03
lc2249,fallback,leetcode.arrays-strings,0.44,,0.93,0.25
lc2250,fallback,leetcode.ordered-set,0.41,,0.93,0.1
lc2251,fallback,leetcode.ordered-set,0.36,,0.93,0.17
lc2255,fallback,leetcode.arrays-strings,0.79,,0.95,0.02
lc2256,fallback,leetcode.prefix-sums,0.91,,0.95,0.03
lc2257,fallback,leetcode.arrays-strings,0.9,,0.92,0.22
lc2258,fallback,leetcode.binary-search,0.92,,0.91,0.29
lc2259,fallback,leetcode.arrays-strings,0.54,,0.95,0.02
lc2260,fallback,leetcode.hash-maps,0.89,,0.94,0.03
lc2261,fallback,leetcode.hash-maps,0.47,,0.94,0.03
lc2262,fallback,leetcode.dp-1d,0.53,,0.93,0.03
lc2263,fallback,leetcode.dp-1d,0.86,,0.93,0.03
lc2264,fallback,leetcode.arrays-strings,0.31,,0.96,0.02
lc2265,fallback,leetcode.tree-dfs,0.96,leetcode.recursion;leetcode.binary-trees,0.81,0.12
lc2266,fallback,leetcode.dp-1d,0.82,,0.32,0.63
lc2267,fallback,leetcode.recursion,0.65,leetcode.dp-grid,0.92,0.24
lc2268,fallback,leetcode.greedy,0.96,,0.86,0.26
lc2269,fallback,leetcode.arrays-strings,0.8,,0.94,0.03
lc2270,fallback,leetcode.prefix-sums,0.87,,0.96,0.03
lc2271,fallback,leetcode.sliding-window,0.88,leetcode.two-pointers,0.91,0.08
lc2272,fallback,leetcode.dp-1d,0.47,,0.9,0.03
lc2273,fallback,leetcode.hash-maps,0.83,leetcode.arrays-strings,0.94,0.03
lc2274,fallback,leetcode.arrays-strings,0.42,,0.93,0.04
lc2275,fallback,leetcode.bit-manipulation,0.24,,0.9,0.03
lc2277,fallback,leetcode.tree-dfs,0.57,,0.84,0.11
lc2278,fallback,leetcode.arrays-strings,0.48,,0.95,0.03
lc2279,fallback,leetcode.greedy,0.97,,0.94,0.03
lc2280,fallback,leetcode.arrays-strings,0.28,,0.75,0.42
lc2281,fallback,leetcode.monotonic-stack,0.93,,0.91,0.03
lc2282,fallback,leetcode.monotonic-stack,0.94,leetcode.stack,0.94,0.08
lc2283,fallback,leetcode.hash-maps,0.96,,0.96,0.03
lc2284,fallback,leetcode.hash-maps,0.95,,0.95,0.03
lc2285,fallback,leetcode.greedy,0.94,,0.94,0.21
lc2287,fallback,leetcode.hash-maps,0.97,,0.94,0.03
lc2288,fallback,leetcode.arrays-strings,0.87,,0.95,0.03
lc2289,fallback,leetcode.monotonic-stack,0.84,leetcode.stack,0.91,0.04
lc2290,fallback,leetcode.shortest-paths,0.59,,0.93,0.06
lc2291,fallback,leetcode.knapsack-dp,0.96,,0.94,0.03
lc2293,fallback,leetcode.arrays-strings,0.93,,0.96,0.06
lc2294,fallback,leetcode.greedy,0.96,,0.93,0.03
lc2295,fallback,leetcode.hash-maps,0.82,,0.95,0.03
lc2297,fallback,leetcode.monotonic-stack,0.85,,0.93,0.05
lc2299,fallback,leetcode.arrays-strings,0.95,,0.96,0.03
lc2300,fallback,leetcode.binary-search,0.59,,0.93,0.03
lc2301,fallback,leetcode.arrays-strings,0.68,,0.94,0.03
lc2302,fallback,leetcode.binary-search,0.77,,0.93,0.03
lc2303,fallback,leetcode.arrays-strings,0.92,,0.95,0.04
lc2304,fallback,leetcode.dp-grid,0.78,,0.94,0.07
lc2305,fallback,leetcode.backtracking,0.96,leetcode.recursion;leetcode.subsets,0.93,0.03
lc2306,fallback,leetcode.hash-maps,0.72,,0.94,0.03
lc2307,fallback,leetcode.union-find,0.96,,0.9,0.03
lc2309,fallback,leetcode.hash-maps,0.84,,0.95,0.03
lc2310,fallback,leetcode.math,0.74,,0.95,0.03
lc2311,fallback,leetcode.greedy,0.86,,0.92,0.03
lc2312,fallback,leetcode.recursion,0.57,,0.92,0.24
lc2315,fallback,leetcode.arrays-strings,0.92,,0.95,0.09
lc2316,fallback,leetcode.graphs,0.91,,0.88,0.08
lc2317,fallback,leetcode.bit-manipulation,0.73,,0.9,0.03
lc2318,fallback,leetcode.math,0.13,,0.92,0.04
lc2319,fallback,leetcode.arrays-strings,0.94,,0.93,0.2
lc2320,fallback,leetcode.dp-1d,0.92,,0.83,0.37
lc2321,fallback,leetcode.dp-1d,0.46,,0.94,0.03
lc2322,fallback,leetcode.tree-dfs,0.92,,0.89,0.32
lc2323,fallback,leetcode.greedy,0.94,,0.93,0.03
lc2325,fallback,leetcode.hash-maps,0.82,,0.89,0.18
lc2326,fallback,leetcode.arrays-strings,0.76,,0.82,0.4
lc2327,fallback,leetcode.dp-1d,0.58,,0.93,0.03
lc2328,fallback,leetcode.recursion,0.6,,0.92,0.06
lc2330,fallback,leetcode.two-pointers,0.96,leetcode.arrays-strings,0.93,0.03
lc2335,fallback,leetcode.greedy,0.92,,0.94,0.04
lc2345,fallback,leetcode.merge-intervals,0.77,leetcode.greedy,0.88,0.29
lc2354,fallback,leetcode.hash-maps,0.72,,0.9,0.03
lc2369,fallback,leetcode.dp-1d,0.97,leetcode.recursion,0.95,0.03
lc2370,fallback,leetcode.dp-1d,0.74,,0.94,0.03
lc2371,fallback,leetcode.greedy,0.83,,0.88,0.28
lc2376,fallback,leetcode.recursion,0.64,,0.92,0.03
lc2383,fallback,leetcode.greedy,0.81,,0.96,0.03
lc2384,fallback,leetcode.greedy,0.86,leetcode.hash-maps,0.88,0.03
lc2385,fallback,leetcode.graphs,0.82,,0.71,0.15
lc2392,core,leetcode.topological-sort,0.98,,0.92,0.22
lc2402,core,leetcode.greedy,0.36,,0.92,0.04
lc2707,core,leetcode.dp-1d,0.97,,0.93,0.03
lc2709,core,leetcode.union-find,0.96,,0.85,0.04
lc2807,core,leetcode.linked-lists,0.92,,0.84,0.14
lc3133,core,leetcode.bit-manipulation,0.52,,0.88,0.03
